<setup>
  <block title="NetBrain Server Setup (* fields are required)" endpoint="admin/alert_actions" entity="*" mode="bulk">
      <input entity="*" field="param.nb_srv" mode="bulk">
        <label>NetBrain Server URL*</label>
        <type>text</type>
      </input>
      <input entity="*" field="param.nb_user" mode="bulk">
        <label>NetBrain Username*</label>
        <type>text</type>
      </input>
      <input entity="*" field="param.nb_passwd" mode="bulk">
        <label>NetBrain password*</label>
        <type>password</type>
      </input>
  </block>
</setup>