"_time","Client IP: 10.8.2.200","Date: 10.8.2.200","Number: 10.8.2.200","Server IP: 10.8.2.200","Time: 10.8.2.200","_span"
1553271900,,,0,,,1
1553271901,,,0,,,1
1553271902,,,0,,,1
1553271903,,,0,,,1
1553271904,,,0,,,1
1553271905,,,0,,,1
1553271906,,,0,,,1
1553271907,,,0,,,1
1553271908,,,0,,,1
1553271909,,,0,,,1
1553271910,,,0,,,1
1553271911,,,0,,,1
1553271912,,,0,,,1
1553271913,,,0,,,1
1553271914,,,0,,,1
1553271915,,,0,,,1
1553271916,,,0,,,1
1553271917,,,0,,,1
1553271918,,,0,,,1
1553271919,,,0,,,1
1553271920,,,0,,,1
1553271921,,,0,,,1
1553271922,,,0,,,1
1553271923,,,0,,,1
1553271924,,,0,,,1
1553271925,,,0,,,1
1553271926,,,0,,,1
1553271927,,,0,,,1
1553271928,,,0,,,1
1553271929,,,0,,,1
1553271930,,,0,,,1
1553271931,,,0,,,1
1553271932,,,0,,,1
1553271933,,,0,,,1
1553271934,,,0,,,1
1553271935,,,0,,,1
1553271936,,,0,,,1
1553271937,,,0,,,1
1553271938,,,0,,,1
1553271939,,,0,,,1
1553271940,,,0,,,1
1553271941,,,0,,,1
1553271942,,,0,,,1
1553271943,,,0,,,1
1553271944,,,0,,,1
1553271945,,,0,,,1
1553271946,,,0,,,1
1553271947,,,0,,,1
1553271948,,,0,,,1
1553271949,,,0,,,1
1553271950,,,0,,,1
1553271951,,,0,,,1
1553271952,,,0,,,1
1553271953,,,0,,,1
1553271954,,,0,,,1
1553271955,,,0,,,1
1553271956,,,0,,,1
1553271957,,,0,,,1
1553271958,,,0,,,1
1553271959,,,0,,,1
1553271960,,,0,,,1
1553271961,,,0,,,1
1553271962,,,0,,,1
1553271963,,,0,,,1
1553271964,,,0,,,1
1553271965,,,0,,,1
1553271966,,,0,,,1
1553271967,,,0,,,1
1553271968,,,0,,,1
1553271969,,,0,,,1
1553271970,,,0,,,1
1553271971,,,0,,,1
1553271972,,,0,,,1
1553271973,,,0,,,1
1553271974,,,0,,,1
1553271975,,,0,,,1
1553271976,,,0,,,1
1553271977,,,0,,,1
1553271978,,,0,,,1
1553271979,,,0,,,1
1553271980,,,0,,,1
1553271981,,,0,,,1
1553271982,,,0,,,1
1553271983,,,0,,,1
1553271984,,,0,,,1
1553271985,,,0,,,1
1553271986,,,0,,,1
1553271987,,,0,,,1
1553271988,,,0,,,1
1553271989,,,0,,,1
1553271990,,,0,,,1
1553271991,,,0,,,1
1553271992,,,0,,,1
1553271993,,,0,,,1
1553271994,,,0,,,1
1553271995,,,0,,,1
1553271996,,,0,,,1
1553271997,,,0,,,1
1553271998,,,0,,,1
1553271999,,,0,,,1
1553272000,,,0,,,1
1553272001,,,0,,,1
1553272002,,,0,,,1
1553272003,,,0,,,1
1553272004,,,0,,,1
1553272005,,,0,,,1
1553272006,,,0,,,1
1553272007,,,0,,,1
1553272008,,,0,,,1
1553272009,,,0,,,1
1553272010,,,0,,,1
1553272011,,,0,,,1
1553272012,,,0,,,1
1553272013,,,0,,,1
1553272014,,,0,,,1
1553272015,,,0,,,1
1553272016,,,0,,,1
1553272017,,,0,,,1
1553272018,,,0,,,1
1553272019,,,0,,,1
1553272020,,,0,,,1
1553272021,,,0,,,1
1553272022,,,0,,,1
1553272023,,,0,,,1
1553272024,,,0,,,1
1553272025,,,0,,,1
1553272026,,,0,,,1
1553272027,,,0,,,1
1553272028,,,0,,,1
1553272029,,,0,,,1
1553272030,,,0,,,1
1553272031,,,0,,,1
1553272032,,,0,,,1
1553272033,,,0,,,1
1553272034,,,0,,,1
1553272035,,,0,,,1
1553272036,,,0,,,1
1553272037,,,0,,,1
1553272038,,,0,,,1
1553272039,,,0,,,1
1553272040,,,0,,,1
1553272041,,,0,,,1
1553272042,,,0,,,1
1553272043,,,0,,,1
1553272044,,,0,,,1
1553272045,,,0,,,1
1553272046,,,0,,,1
1553272047,,,0,,,1
1553272048,,,0,,,1
1553272049,,,0,,,1
1553272050,,,0,,,1
1553272051,,,0,,,1
1553272052,,,0,,,1
1553272053,,,0,,,1
1553272054,,,0,,,1
1553272055,,,0,,,1
1553272056,,,0,,,1
1553272057,,,0,,,1
1553272058,,,0,,,1
1553272059,,,0,,,1
1553272060,,,0,,,1
1553272061,,,0,,,1
1553272062,,,0,,,1
1553272063,,,0,,,1
1553272064,,,0,,,1
1553272065,,,0,,,1
1553272066,,,0,,,1
1553272067,,,0,,,1
1553272068,,,0,,,1
1553272069,,,0,,,1
1553272070,,,0,,,1
1553272071,,,0,,,1
1553272072,,,0,,,1
1553272073,,,0,,,1
1553272074,,,0,,,1
1553272075,,,0,,,1
1553272076,,,0,,,1
1553272077,,,0,,,1
1553272078,,,0,,,1
1553272079,,,0,,,1
1553272080,,,0,,,1
1553272081,,,0,,,1
1553272082,,,0,,,1
1553272083,,,0,,,1
1553272084,,,0,,,1
1553272085,,,0,,,1
1553272086,,,0,,,1
1553272087,,,0,,,1
1553272088,,,0,,,1
1553272089,,,0,,,1
1553272090,,,0,,,1
1553272091,,,0,,,1
1553272092,,,0,,,1
1553272093,,,0,,,1
1553272094,,,0,,,1
1553272095,,,0,,,1
1553272096,,,0,,,1
1553272097,,,0,,,1
1553272098,,,0,,,1
1553272099,,,0,,,1
1553272100,,,0,,,1
1553272101,,,0,,,1
1553272102,,,0,,,1
1553272103,,,0,,,1
1553272104,,,0,,,1
1553272105,,,0,,,1
1553272106,,,0,,,1
1553272107,,,0,,,1
1553272108,,,0,,,1
1553272109,,,0,,,1
1553272110,,,0,,,1
1553272111,,,0,,,1
1553272112,,,0,,,1
1553272113,,,0,,,1
1553272114,,,0,,,1
1553272115,,,0,,,1
1553272116,,,0,,,1
1553272117,,,0,,,1
1553272118,,,0,,,1
1553272119,,,0,,,1
1553272120,,,0,,,1
1553272121,,,0,,,1
1553272122,,,0,,,1
1553272123,,,0,,,1
1553272124,,,0,,,1
1553272125,,,0,,,1
1553272126,,,0,,,1
1553272127,,,0,,,1
1553272128,,,0,,,1
1553272129,,,0,,,1
1553272130,,,0,,,1
1553272131,,,0,,,1
1553272132,,,0,,,1
1553272133,,,0,,,1
1553272134,,,0,,,1
1553272135,,,0,,,1
1553272136,,,0,,,1
1553272137,,,0,,,1
1553272138,,,0,,,1
1553272139,,,0,,,1
1553272140,,,0,,,1
1553272141,,,0,,,1
1553272142,,,0,,,1
1553272143,,,0,,,1
1553272144,,,0,,,1
1553272145,,,0,,,1
1553272146,,,0,,,1
1553272147,,,0,,,1
1553272148,,,0,,,1
1553272149,,,0,,,1
1553272150,,,0,,,1
1553272151,,,0,,,1
1553272152,,,0,,,1
1553272153,,,0,,,1
1553272154,,,0,,,1
1553272155,,,0,,,1
1553272156,,,0,,,1
1553272157,,,0,,,1
1553272158,,,0,,,1
1553272159,,,0,,,1
1553272160,,,0,,,1
1553272161,,,0,,,1
1553272162,,,0,,,1
1553272163,,,0,,,1
1553272164,,,0,,,1
1553272165,,,0,,,1
1553272166,,,0,,,1
1553272167,,,0,,,1
1553272168,,,0,,,1
1553272169,,,0,,,1
1553272170,,,0,,,1
1553272171,,,0,,,1
1553272172,,,0,,,1
1553272173,,,0,,,1
1553272174,,,0,,,1
1553272175,,,0,,,1
1553272176,,,0,,,1
1553272177,,,0,,,1
1553272178,,,0,,,1
1553272179,,,0,,,1
1553272180,,,0,,,1
1553272181,,,0,,,1
1553272182,,,0,,,1
1553272183,,,0,,,1
1553272184,,,0,,,1
1553272185,,,0,,,1
1553272186,,,0,,,1
1553272187,,,0,,,1
1553272188,,,0,,,1
1553272189,,,0,,,1
1553272190,,,0,,,1
1553272191,,,0,,,1
1553272192,,,0,,,1
1553272193,,,0,,,1
1553272194,,,0,,,1
1553272195,,,0,,,1
1553272196,,,0,,,1
1553272197,,,0,,,1
1553272198,,,0,,,1
1553272199,,,0,,,1
1553272200,,,0,,,1
1553272201,,,0,,,1
1553272202,,,0,,,1
1553272203,,,0,,,1
1553272204,,,0,,,1
1553272205,,,0,,,1
1553272206,,,0,,,1
1553272207,,,0,,,1
1553272208,,,0,,,1
1553272209,,,0,,,1
1553272210,,,0,,,1
1553272211,,,0,,,1
1553272212,,,0,,,1
1553272213,,,0,,,1
1553272214,,,0,,,1
1553272215,,,0,,,1
1553272216,,,0,,,1
1553272217,,,0,,,1
1553272218,,,0,,,1
1553272219,,,0,,,1
1553272220,,,0,,,1
1553272221,,,0,,,1
1553272222,,,0,,,1
1553272223,,,0,,,1
1553272224,,,0,,,1
1553272225,,,0,,,1
1553272226,,,0,,,1
1553272227,,,0,,,1
1553272228,,,0,,,1
1553272229,,,0,,,1
1553272230,,,0,,,1
1553272231,,,0,,,1
1553272232,,,0,,,1
1553272233,,,0,,,1
1553272234,,,0,,,1
1553272235,,,0,,,1
1553272236,,,0,,,1
1553272237,,,0,,,1
1553272238,,,0,,,1
1553272239,,,0,,,1
1553272240,,,0,,,1
1553272241,,,0,,,1
1553272242,,,0,,,1
1553272243,,,0,,,1
1553272244,,,0,,,1
1553272245,,,0,,,1
1553272246,,,0,,,1
1553272247,,,0,,,1
1553272248,,,0,,,1
1553272249,,,0,,,1
1553272250,,,0,,,1
1553272251,,,0,,,1
1553272252,,,0,,,1
1553272253,,,0,,,1
1553272254,,,0,,,1
1553272255,,,0,,,1
1553272256,,,0,,,1
1553272257,,,0,,,1
1553272258,,,0,,,1
1553272259,,,0,,,1
1553272260,,,0,,,1
1553272261,,,0,,,1
1553272262,,,0,,,1
1553272263,,,0,,,1
1553272264,,,0,,,1
1553272265,,,0,,,1
1553272266,,,0,,,1
1553272267,,,0,,,1
1553272268,,,0,,,1
1553272269,,,0,,,1
1553272270,,,0,,,1
1553272271,,,0,,,1
1553272272,,,0,,,1
1553272273,,,0,,,1
1553272274,,,0,,,1
1553272275,,,0,,,1
1553272276,,,0,,,1
1553272277,,,0,,,1
1553272278,,,0,,,1
1553272279,,,0,,,1
1553272280,,,0,,,1
1553272281,,,0,,,1
1553272282,,,0,,,1
1553272283,,,0,,,1
1553272284,,,0,,,1
1553272285,,,0,,,1
1553272286,,,0,,,1
1553272287,,,0,,,1
1553272288,,,0,,,1
1553272289,,,0,,,1
1553272290,,,0,,,1
1553272291,,,0,,,1
1553272292,,,0,,,1
1553272293,,,0,,,1
1553272294,,,0,,,1
1553272295,,,0,,,1
1553272296,,,0,,,1
1553272297,,,0,,,1
1553272298,,,0,,,1
1553272299,,,0,,,1
1553272300,,,0,,,1
1553272301,,,0,,,1
1553272302,,,0,,,1
1553272303,,,0,,,1
1553272304,,,0,,,1
1553272305,,,0,,,1
1553272306,,,0,,,1
1553272307,,,0,,,1
1553272308,,,0,,,1
1553272309,,,0,,,1
1553272310,,,0,,,1
1553272311,,,0,,,1
1553272312,,,0,,,1
1553272313,,,0,,,1
1553272314,,,0,,,1
1553272315,,,0,,,1
1553272316,,,0,,,1
1553272317,,,0,,,1
1553272318,,,0,,,1
1553272319,,,0,,,1
1553272320,,,0,,,1
1553272321,,,0,,,1
1553272322,,,0,,,1
1553272323,,,0,,,1
1553272324,,,0,,,1
1553272325,,,0,,,1
1553272326,,,0,,,1
1553272327,,,0,,,1
1553272328,,,0,,,1
1553272329,,,0,,,1
1553272330,,,0,,,1
1553272331,,,0,,,1
1553272332,,,0,,,1
1553272333,,,0,,,1
1553272334,,,0,,,1
1553272335,,,0,,,1
1553272336,,,0,,,1
1553272337,,,0,,,1
1553272338,,,0,,,1
1553272339,,,0,,,1
1553272340,,,0,,,1
1553272341,,,0,,,1
1553272342,,,0,,,1
1553272343,,,0,,,1
1553272344,,,0,,,1
1553272345,,,0,,,1
1553272346,,,0,,,1
1553272347,,,0,,,1
1553272348,,,0,,,1
1553272349,,,0,,,1
1553272350,,,0,,,1
1553272351,,,0,,,1
1553272352,,,0,,,1
1553272353,,,0,,,1
1553272354,,,0,,,1
1553272355,,,0,,,1
1553272356,,,0,,,1
1553272357,,,0,,,1
1553272358,,,0,,,1
1553272359,,,0,,,1
1553272360,,,0,,,1
1553272361,,,0,,,1
1553272362,,,0,,,1
1553272363,,,0,,,1
1553272364,,,0,,,1
1553272365,,,0,,,1
1553272366,,,0,,,1
1553272367,,,0,,,1
1553272368,,,0,,,1
1553272369,,,0,,,1
1553272370,,,0,,,1
1553272371,,,0,,,1
1553272372,,,0,,,1
1553272373,,,0,,,1
1553272374,,,0,,,1
1553272375,,,0,,,1
1553272376,,,0,,,1
1553272377,,,0,,,1
1553272378,,,0,,,1
1553272379,,,0,,,1
1553272380,,,0,,,1
1553272381,,,0,,,1
1553272382,,,0,,,1
1553272383,,,0,,,1
1553272384,,,0,,,1
1553272385,,,0,,,1
1553272386,,,0,,,1
1553272387,,,0,,,1
1553272388,,,0,,,1
1553272389,,,0,,,1
1553272390,,,0,,,1
1553272391,,,0,,,1
1553272392,,,0,,,1
1553272393,,,0,,,1
1553272394,,,0,,,1
1553272395,,,0,,,1
1553272396,,,0,,,1
1553272397,,,0,,,1
1553272398,,,0,,,1
1553272399,,,0,,,1
1553272400,,,0,,,1
1553272401,,,0,,,1
1553272402,,,0,,,1
1553272403,,,0,,,1
1553272404,,,0,,,1
1553272405,,,0,,,1
1553272406,,,0,,,1
1553272407,,,0,,,1
1553272408,,,0,,,1
1553272409,,,0,,,1
1553272410,,,0,,,1
1553272411,,,0,,,1
1553272412,,,0,,,1
1553272413,,,0,,,1
1553272414,,,0,,,1
1553272415,,,0,,,1
1553272416,,,0,,,1
1553272417,,,0,,,1
1553272418,,,0,,,1
1553272419,,,0,,,1
1553272420,,,0,,,1
1553272421,,,0,,,1
1553272422,,,0,,,1
1553272423,,,0,,,1
1553272424,,,0,,,1
1553272425,,,0,,,1
1553272426,,,0,,,1
1553272427,,,0,,,1
1553272428,,,0,,,1
1553272429,,,0,,,1
1553272430,,,0,,,1
1553272431,,,0,,,1
1553272432,,,0,,,1
1553272433,,,0,,,1
1553272434,,,0,,,1
1553272435,,,0,,,1
1553272436,,,0,,,1
1553272437,,,0,,,1
1553272438,,,0,,,1
1553272439,,,0,,,1
1553272440,,,0,,,1
1553272441,,,0,,,1
1553272442,,,0,,,1
1553272443,,,0,,,1
1553272444,,,0,,,1
1553272445,,,0,,,1
1553272446,,,0,,,1
1553272447,,,0,,,1
1553272448,,,0,,,1
1553272449,,,0,,,1
1553272450,,,0,,,1
1553272451,,,0,,,1
1553272452,,,0,,,1
1553272453,,,0,,,1
1553272454,,,0,,,1
1553272455,,,0,,,1
1553272456,,,0,,,1
1553272457,,,0,,,1
1553272458,,,0,,,1
1553272459,,,0,,,1
1553272460,,,0,,,1
1553272461,,,0,,,1
1553272462,,,0,,,1
1553272463,,,0,,,1
1553272464,,,0,,,1
1553272465,,,0,,,1
1553272466,,,0,,,1
1553272467,,,0,,,1
1553272468,,,0,,,1
1553272469,,,0,,,1
1553272470,,,0,,,1
1553272471,,,0,,,1
1553272472,,,0,,,1
1553272473,,,0,,,1
1553272474,,,0,,,1
1553272475,,,0,,,1
1553272476,,,0,,,1
1553272477,,,0,,,1
1553272478,,,0,,,1
1553272479,,,0,,,1
1553272480,,,0,,,1
1553272481,,,0,,,1
1553272482,,,0,,,1
1553272483,,,0,,,1
1553272484,,,0,,,1
1553272485,,,0,,,1
1553272486,,,0,,,1
1553272487,,,0,,,1
1553272488,,,0,,,1
1553272489,,,0,,,1
1553272490,,,0,,,1
1553272491,,,0,,,1
1553272492,,,0,,,1
1553272493,,,0,,,1
1553272494,,,0,,,1
1553272495,,,0,,,1
1553272496,,,0,,,1
1553272497,,,0,,,1
1553272498,,,0,,,1
1553272499,,,0,,,1
1553272500,,,0,,,1
1553272501,,,0,,,1
1553272502,,,0,,,1
1553272503,,,0,,,1
1553272504,,,0,,,1
1553272505,,,0,,,1
1553272506,,,0,,,1
1553272507,,,0,,,1
1553272508,,,0,,,1
1553272509,,,0,,,1
1553272510,,,0,,,1
1553272511,,,0,,,1
1553272512,,,0,,,1
1553272513,,,0,,,1
1553272514,,,0,,,1
1553272515,,,0,,,1
1553272516,,,0,,,1
1553272517,,,0,,,1
1553272518,,,0,,,1
1553272519,,,0,,,1
1553272520,,,0,,,1
1553272521,,,0,,,1
1553272522,,,0,,,1
1553272523,,,0,,,1
1553272524,,,0,,,1
1553272525,,,0,,,1
1553272526,,,0,,,1
1553272527,,,0,,,1
1553272528,,,0,,,1
1553272529,,,0,,,1
1553272530,,,0,,,1
1553272531,,,0,,,1
1553272532,,,0,,,1
1553272533,,,0,,,1
1553272534,,,0,,,1
1553272535,,,0,,,1
1553272536,,,0,,,1
1553272537,,,0,,,1
1553272538,,,0,,,1
1553272539,,,0,,,1
1553272540,,,0,,,1
1553272541,,,0,,,1
1553272542,,,0,,,1
1553272543,,,0,,,1
1553272544,,,0,,,1
1553272545,,,0,,,1
1553272546,,,0,,,1
1553272547,,,0,,,1
1553272548,,,0,,,1
1553272549,,,0,,,1
1553272550,,,0,,,1
1553272551,,,0,,,1
1553272552,,,0,,,1
1553272553,,,0,,,1
1553272554,,,0,,,1
1553272555,,,0,,,1
1553272556,,,0,,,1
1553272557,,,0,,,1
1553272558,,,0,,,1
1553272559,,,0,,,1
1553272560,,,0,,,1
1553272561,,,0,,,1
1553272562,,,0,,,1
1553272563,,,0,,,1
1553272564,,,0,,,1
1553272565,,,0,,,1
1553272566,,,0,,,1
1553272567,,,0,,,1
1553272568,,,0,,,1
1553272569,,,0,,,1
1553272570,,,0,,,1
1553272571,,,0,,,1
1553272572,,,0,,,1
1553272573,,,0,,,1
1553272574,,,0,,,1
1553272575,,,0,,,1
1553272576,,,0,,,1
1553272577,,,0,,,1
1553272578,,,0,,,1
1553272579,,,0,,,1
1553272580,,,0,,,1
1553272581,,,0,,,1
1553272582,,,0,,,1
1553272583,,,0,,,1
1553272584,,,0,,,1
1553272585,,,0,,,1
1553272586,,,0,,,1
1553272587,,,0,,,1
1553272588,,,0,,,1
1553272589,,,0,,,1
1553272590,,,0,,,1
1553272591,,,0,,,1
1553272592,,,0,,,1
1553272593,,,0,,,1
1553272594,,,0,,,1
1553272595,,,0,,,1
1553272596,,,0,,,1
1553272597,,,0,,,1
1553272598,,,0,,,1
1553272599,,,0,,,1
1553272600,,,0,,,1
1553272601,,,0,,,1
1553272602,,,0,,,1
1553272603,,,0,,,1
1553272604,,,0,,,1
1553272605,,,0,,,1
1553272606,,,0,,,1
1553272607,,,0,,,1
1553272608,,,0,,,1
1553272609,,,0,,,1
1553272610,,,0,,,1
1553272611,,,0,,,1
1553272612,,,0,,,1
1553272613,,,0,,,1
1553272614,,,0,,,1
1553272615,,,0,,,1
1553272616,,,0,,,1
1553272617,,,0,,,1
1553272618,,,0,,,1
1553272619,,,0,,,1
1553272620,,,0,,,1
1553272621,,,0,,,1
1553272622,,,0,,,1
1553272623,,,0,,,1
1553272624,,,0,,,1
1553272625,,,0,,,1
1553272626,,,0,,,1
1553272627,,,0,,,1
1553272628,,,0,,,1
1553272629,,,0,,,1
1553272630,,,0,,,1
1553272631,,,0,,,1
1553272632,,,0,,,1
1553272633,,,0,,,1
1553272634,,,0,,,1
1553272635,,,0,,,1
1553272636,,,0,,,1
1553272637,,,0,,,1
1553272638,,,0,,,1
1553272639,,,0,,,1
1553272640,,,0,,,1
1553272641,,,0,,,1
1553272642,,,0,,,1
1553272643,,,0,,,1
1553272644,,,0,,,1
1553272645,,,0,,,1
1553272646,,,0,,,1
1553272647,,,0,,,1
1553272648,,,0,,,1
1553272649,,,0,,,1
1553272650,,,0,,,1
1553272651,,,0,,,1
1553272652,,,0,,,1
1553272653,,,0,,,1
1553272654,,,0,,,1
1553272655,,,0,,,1
1553272656,,,0,,,1
1553272657,,,0,,,1
1553272658,,,0,,,1
1553272659,,,0,,,1
1553272660,,,0,,,1
1553272661,,,0,,,1
1553272662,,,0,,,1
1553272663,,,0,,,1
1553272664,,,0,,,1
1553272665,,,0,,,1
1553272666,,,0,,,1
1553272667,,,0,,,1
1553272668,,,0,,,1
1553272669,,,0,,,1
1553272670,,,0,,,1
1553272671,,,0,,,1
1553272672,,,0,,,1
1553272673,,,0,,,1
1553272674,,,0,,,1
1553272675,,,0,,,1
1553272676,,,0,,,1
1553272677,,,0,,,1
1553272678,,,0,,,1
1553272679,,,0,,,1
1553272680,,,0,,,1
1553272681,,,0,,,1
1553272682,,,0,,,1
1553272683,,,0,,,1
1553272684,,,0,,,1
1553272685,,,0,,,1
1553272686,,,0,,,1
1553272687,,,0,,,1
1553272688,,,0,,,1
1553272689,,,0,,,1
1553272690,,,0,,,1
1553272691,,,0,,,1
1553272692,,,0,,,1
1553272693,,,0,,,1
1553272694,,,0,,,1
1553272695,,,0,,,1
1553272696,,,0,,,1
1553272697,,,0,,,1
1553272698,,,0,,,1
1553272699,,,0,,,1
1553272700,,,0,,,1
1553272701,,,0,,,1
1553272702,,,0,,,1
1553272703,,,0,,,1
1553272704,,,0,,,1
1553272705,,,0,,,1
1553272706,,,0,,,1
1553272707,,,0,,,1
1553272708,,,0,,,1
1553272709,,,0,,,1
1553272710,,,0,,,1
1553272711,,,0,,,1
1553272712,,,0,,,1
1553272713,,,0,,,1
1553272714,,,0,,,1
1553272715,,,0,,,1
1553272716,,,0,,,1
1553272717,,,0,,,1
1553272718,,,0,,,1
1553272719,,,0,,,1
1553272720,,,0,,,1
1553272721,,,0,,,1
1553272722,,,0,,,1
1553272723,,,0,,,1
1553272724,,,0,,,1
1553272725,,,0,,,1
1553272726,,,0,,,1
1553272727,,,0,,,1
1553272728,,,0,,,1
1553272729,,,0,,,1
1553272730,,,0,,,1
1553272731,,,0,,,1
1553272732,,,0,,,1
1553272733,,,0,,,1
1553272734,,,0,,,1
1553272735,,,0,,,1
1553272736,,,0,,,1
1553272737,,,0,,,1
1553272738,,,0,,,1
1553272739,,,0,,,1
1553272740,,,0,,,1
1553272741,,,0,,,1
1553272742,,,0,,,1
1553272743,,,0,,,1
1553272744,,,0,,,1
1553272745,,,0,,,1
1553272746,,,0,,,1
1553272747,,,0,,,1
1553272748,,,0,,,1
1553272749,,,0,,,1
1553272750,,,0,,,1
1553272751,,,0,,,1
1553272752,,,0,,,1
1553272753,,,0,,,1
1553272754,,,0,,,1
1553272755,,,0,,,1
1553272756,,,0,,,1
1553272757,,,0,,,1
1553272758,,,0,,,1
1553272759,,,0,,,1
1553272760,,,0,,,1
1553272761,,,0,,,1
1553272762,,,0,,,1
1553272763,,,0,,,1
1553272764,,,0,,,1
1553272765,,,0,,,1
1553272766,,,0,,,1
1553272767,,,0,,,1
1553272768,,,0,,,1
1553272769,,,0,,,1
1553272770,,,0,,,1
1553272771,,,0,,,1
1553272772,,,0,,,1
1553272773,,,0,,,1
1553272774,,,0,,,1
1553272775,,,0,,,1
1553272776,,,0,,,1
1553272777,,,0,,,1
1553272778,,,0,,,1
1553272779,,,0,,,1
1553272780,,,0,,,1
1553272781,,,0,,,1
1553272782,,,0,,,1
1553272783,,,0,,,1
1553272784,,,0,,,1
1553272785,,,0,,,1
1553272786,,,0,,,1
1553272787,,,0,,,1
1553272788,,,0,,,1
1553272789,,,0,,,1
1553272790,,,0,,,1
1553272791,,,0,,,1
1553272792,,,0,,,1
1553272793,,,0,,,1
1553272794,,,0,,,1
1553272795,,,0,,,1
1553272796,,,0,,,1
1553272797,,,0,,,1
1553272798,,,0,,,1
1553272799,,,0,,,1
1553272800,,,0,,,1
1553272801,,,0,,,1
1553272802,,,0,,,1
1553272803,,,0,,,1
1553272804,,,0,,,1
1553272805,,,0,,,1
1553272806,,,0,,,1
1553272807,,,0,,,1
1553272808,,,0,,,1
1553272809,,,0,,,1
1553272810,,,0,,,1
1553272811,,,0,,,1
1553272812,,,0,,,1
1553272813,,,0,,,1
1553272814,,,0,,,1
1553272815,,,0,,,1
1553272816,,,0,,,1
1553272817,,,0,,,1
1553272818,,,0,,,1
1553272819,,,0,,,1
1553272820,,,0,,,1
1553272821,,,0,,,1
1553272822,,,0,,,1
1553272823,,,0,,,1
1553272824,,,0,,,1
1553272825,,,0,,,1
1553272826,,,0,,,1
1553272827,,,0,,,1
1553272828,,,0,,,1
1553272829,,,0,,,1
1553272830,,,0,,,1
1553272831,,,0,,,1
1553272832,,,0,,,1
1553272833,,,0,,,1
1553272834,,,0,,,1
1553272835,,,0,,,1
1553272836,,,0,,,1
1553272837,,,0,,,1
1553272838,,,0,,,1
1553272839,,,0,,,1
1553272840,,,0,,,1
1553272841,,,0,,,1
1553272842,,,0,,,1
1553272843,,,0,,,1
1553272844,,,0,,,1
1553272845,,,0,,,1
1553272846,,,0,,,1
1553272847,,,0,,,1
1553272848,,,0,,,1
1553272849,,,0,,,1
1553272850,,,0,,,1
1553272851,,,0,,,1
1553272852,,,0,,,1
1553272853,,,0,,,1
1553272854,,,0,,,1
1553272855,,,0,,,1
1553272856,,,0,,,1
1553272857,,,0,,,1
1553272858,,,0,,,1
1553272859,,,0,,,1
1553272860,,,0,,,1
1553272861,,,0,,,1
1553272862,,,0,,,1
1553272863,,,0,,,1
1553272864,,,0,,,1
1553272865,,,0,,,1
1553272866,,,0,,,1
1553272867,,,0,,,1
1553272868,,,0,,,1
1553272869,,,0,,,1
1553272870,,,0,,,1
1553272871,,,0,,,1
1553272872,,,0,,,1
1553272873,,,0,,,1
1553272874,,,0,,,1
1553272875,,,0,,,1
1553272876,,,0,,,1
1553272877,,,0,,,1
1553272878,,,0,,,1
1553272879,,,0,,,1
1553272880,,,0,,,1
1553272881,,,0,,,1
1553272882,,,0,,,1
1553272883,,,0,,,1
1553272884,,,0,,,1
1553272885,,,0,,,1
1553272886,,,0,,,1
1553272887,,,0,,,1
1553272888,,,0,,,1
1553272889,,,0,,,1
1553272890,,,0,,,1
1553272891,,,0,,,1
1553272892,,,0,,,1
1553272893,,,0,,,1
1553272894,,,0,,,1
1553272895,,,0,,,1
1553272896,,,0,,,1
1553272897,,,0,,,1
1553272898,,,0,,,1
1553272899,,,0,,,1
1553272900,,,0,,,1
1553272901,,,0,,,1
1553272902,,,0,,,1
1553272903,,,0,,,1
1553272904,,,0,,,1
1553272905,,,0,,,1
1553272906,,,0,,,1
1553272907,,,0,,,1
1553272908,,,0,,,1
1553272909,,,0,,,1
1553272910,,,0,,,1
1553272911,,,0,,,1
1553272912,,,0,,,1
1553272913,,,0,,,1
1553272914,,,0,,,1
1553272915,,,0,,,1
1553272916,,,0,,,1
1553272917,,,0,,,1
1553272918,,,0,,,1
1553272919,,,0,,,1
1553272920,,,0,,,1
1553272921,,,0,,,1
1553272922,,,0,,,1
1553272923,,,0,,,1
1553272924,,,0,,,1
1553272925,,,0,,,1
1553272926,,,0,,,1
1553272927,,,0,,,1
1553272928,,,0,,,1
1553272929,,,0,,,1
1553272930,,,0,,,1
1553272931,,,0,,,1
1553272932,,,0,,,1
1553272933,,,0,,,1
1553272934,,,0,,,1
1553272935,,,0,,,1
1553272936,,,0,,,1
1553272937,,,0,,,1
1553272938,,,0,,,1
1553272939,,,0,,,1
1553272940,,,0,,,1
1553272941,,,0,,,1
1553272942,,,0,,,1
1553272943,,,0,,,1
1553272944,,,0,,,1
1553272945,,,0,,,1
1553272946,,,0,,,1
1553272947,,,0,,,1
1553272948,,,0,,,1
1553272949,,,0,,,1
1553272950,,,0,,,1
1553272951,,,0,,,1
1553272952,,,0,,,1
1553272953,,,0,,,1
1553272954,,,0,,,1
1553272955,,,0,,,1
1553272956,,,0,,,1
1553272957,,,0,,,1
1553272958,,,0,,,1
1553272959,,,0,,,1
1553272960,,,0,,,1
1553272961,,,0,,,1
1553272962,,,0,,,1
1553272963,,,0,,,1
1553272964,,,0,,,1
1553272965,,,0,,,1
1553272966,,,0,,,1
1553272967,,,0,,,1
1553272968,,,0,,,1
1553272969,,,0,,,1
1553272970,,,0,,,1
1553272971,,,0,,,1
1553272972,,,0,,,1
1553272973,,,0,,,1
1553272974,,,0,,,1
1553272975,,,0,,,1
1553272976,,,0,,,1
1553272977,,,0,,,1
1553272978,,,0,,,1
1553272979,,,0,,,1
1553272980,,,0,,,1
1553272981,,,0,,,1
1553272982,,,0,,,1
1553272983,,,0,,,1
1553272984,,,0,,,1
1553272985,,,0,,,1
1553272986,,,0,,,1
1553272987,,,0,,,1
1553272988,,,0,,,1
1553272989,,,0,,,1
1553272990,,,0,,,1
1553272991,,,0,,,1
1553272992,,,0,,,1
1553272993,,,0,,,1
1553272994,,,0,,,1
1553272995,,,0,,,1
1553272996,,,0,,,1
1553272997,,,0,,,1
1553272998,,,0,,,1
1553272999,,,0,,,1
1553273000,,,0,,,1
1553273001,,,0,,,1
1553273002,,,0,,,1
1553273003,,,0,,,1
1553273004,,,0,,,1
1553273005,,,0,,,1
1553273006,,,0,,,1
1553273007,,,0,,,1
1553273008,,,0,,,1
1553273009,,,0,,,1
1553273010,,,0,,,1
1553273011,,,0,,,1
1553273012,,,0,,,1
1553273013,,,0,,,1
1553273014,,,0,,,1
1553273015,,,0,,,1
1553273016,,,0,,,1
1553273017,,,0,,,1
1553273018,,,0,,,1
1553273019,,,0,,,1
1553273020,,,0,,,1
1553273021,,,0,,,1
1553273022,,,0,,,1
1553273023,,,0,,,1
1553273024,,,0,,,1
1553273025,,,0,,,1
1553273026,,,0,,,1
1553273027,,,0,,,1
1553273028,,,0,,,1
1553273029,,,0,,,1
1553273030,,,0,,,1
1553273031,,,0,,,1
1553273032,,,0,,,1
1553273033,,,0,,,1
1553273034,,,0,,,1
1553273035,,,0,,,1
1553273036,,,0,,,1
1553273037,,,0,,,1
1553273038,,,0,,,1
1553273039,,,0,,,1
1553273040,,,0,,,1
1553273041,,,0,,,1
1553273042,,,0,,,1
1553273043,,,0,,,1
1553273044,,,0,,,1
1553273045,,,0,,,1
1553273046,,,0,,,1
1553273047,,,0,,,1
1553273048,,,0,,,1
1553273049,,,0,,,1
1553273050,,,0,,,1
1553273051,,,0,,,1
1553273052,,,0,,,1
1553273053,,,0,,,1
1553273054,,,0,,,1
1553273055,,,0,,,1
1553273056,,,0,,,1
1553273057,,,0,,,1
1553273058,,,0,,,1
1553273059,,,0,,,1
1553273060,,,0,,,1
1553273061,,,0,,,1
1553273062,,,0,,,1
1553273063,,,0,,,1
1553273064,,,0,,,1
1553273065,,,0,,,1
1553273066,,,0,,,1
1553273067,,,0,,,1
1553273068,,,0,,,1
1553273069,,,0,,,1
1553273070,,,0,,,1
1553273071,,,0,,,1
1553273072,,,0,,,1
1553273073,,,0,,,1
1553273074,,,0,,,1
1553273075,,,0,,,1
1553273076,,,0,,,1
1553273077,,,0,,,1
1553273078,,,0,,,1
1553273079,,,0,,,1
1553273080,,,0,,,1
1553273081,,,0,,,1
1553273082,,,0,,,1
1553273083,,,0,,,1
1553273084,,,0,,,1
1553273085,,,0,,,1
1553273086,,,0,,,1
1553273087,,,0,,,1
1553273088,,,0,,,1
1553273089,,,0,,,1
1553273090,,,0,,,1
1553273091,,,0,,,1
1553273092,,,0,,,1
1553273093,,,0,,,1
1553273094,,,0,,,1
1553273095,,,0,,,1
1553273096,,,0,,,1
1553273097,,,0,,,1
1553273098,,,0,,,1
1553273099,,,0,,,1
1553273100,,,0,,,1
1553273101,,,0,,,1
1553273102,,,0,,,1
1553273103,,,0,,,1
1553273104,,,0,,,1
1553273105,,,0,,,1
1553273106,,,0,,,1
1553273107,,,0,,,1
1553273108,,,0,,,1
1553273109,,,0,,,1
1553273110,,,0,,,1
1553273111,,,0,,,1
1553273112,,,0,,,1
1553273113,,,0,,,1
1553273114,,,0,,,1
1553273115,,,0,,,1
1553273116,,,0,,,1
1553273117,,,0,,,1
1553273118,,,0,,,1
1553273119,,,0,,,1
1553273120,,,0,,,1
1553273121,,,0,,,1
1553273122,,,0,,,1
1553273123,,,0,,,1
1553273124,,,0,,,1
1553273125,,,0,,,1
1553273126,,,0,,,1
1553273127,,,0,,,1
1553273128,,,0,,,1
1553273129,,,0,,,1
1553273130,,,0,,,1
1553273131,,,0,,,1
1553273132,,,0,,,1
1553273133,,,0,,,1
1553273134,,,0,,,1
1553273135,,,0,,,1
1553273136,,,0,,,1
1553273137,,,0,,,1
1553273138,,,0,,,1
1553273139,,,0,,,1
1553273140,,,0,,,1
1553273141,,,0,,,1
1553273142,,,0,,,1
1553273143,,,0,,,1
1553273144,,,0,,,1
1553273145,,,0,,,1
1553273146,,,0,,,1
1553273147,,,0,,,1
1553273148,,,0,,,1
1553273149,,,0,,,1
1553273150,,,0,,,1
1553273151,,,0,,,1
1553273152,,,0,,,1
1553273153,,,0,,,1
1553273154,,,0,,,1
1553273155,,,0,,,1
1553273156,,,0,,,1
1553273157,,,0,,,1
1553273158,,,0,,,1
1553273159,,,0,,,1
1553273160,,,0,,,1
1553273161,,,0,,,1
1553273162,,,0,,,1
1553273163,,,0,,,1
1553273164,,,0,,,1
1553273165,,,0,,,1
1553273166,,,0,,,1
1553273167,,,0,,,1
1553273168,,,0,,,1
1553273169,,,0,,,1
1553273170,,,0,,,1
1553273171,,,0,,,1
1553273172,,,0,,,1
1553273173,,,0,,,1
1553273174,,,0,,,1
1553273175,,,0,,,1
1553273176,,,0,,,1
1553273177,,,0,,,1
1553273178,,,0,,,1
1553273179,,,0,,,1
1553273180,,,0,,,1
1553273181,,,0,,,1
1553273182,,,0,,,1
1553273183,,,0,,,1
1553273184,,,0,,,1
1553273185,,,0,,,1
1553273186,,,0,,,1
1553273187,,,0,,,1
1553273188,,,0,,,1
1553273189,,,0,,,1
1553273190,,,0,,,1
1553273191,,,0,,,1
1553273192,,,0,,,1
1553273193,,,0,,,1
1553273194,,,0,,,1
1553273195,,,0,,,1
1553273196,,,0,,,1
1553273197,,,0,,,1
1553273198,,,0,,,1
1553273199,,,0,,,1
1553273200,,,0,,,1
1553273201,,,0,,,1
1553273202,,,0,,,1
1553273203,,,0,,,1
1553273204,,,0,,,1
1553273205,,,0,,,1
1553273206,,,0,,,1
1553273207,,,0,,,1
1553273208,,,0,,,1
1553273209,,,0,,,1
1553273210,,,0,,,1
1553273211,,,0,,,1
1553273212,,,0,,,1
1553273213,,,0,,,1
1553273214,,,0,,,1
1553273215,,,0,,,1
1553273216,,,0,,,1
1553273217,,,0,,,1
1553273218,,,0,,,1
1553273219,,,0,,,1
1553273220,,,0,,,1
1553273221,,,0,,,1
1553273222,,,0,,,1
1553273223,,,0,,,1
1553273224,,,0,,,1
1553273225,,,0,,,1
1553273226,,,0,,,1
1553273227,,,0,,,1
1553273228,,,0,,,1
1553273229,,,0,,,1
1553273230,,,0,,,1
1553273231,,,0,,,1
1553273232,,,0,,,1
1553273233,,,0,,,1
1553273234,,,0,,,1
1553273235,,,0,,,1
1553273236,,,0,,,1
1553273237,,,0,,,1
1553273238,,,0,,,1
1553273239,,,0,,,1
1553273240,,,0,,,1
1553273241,,,0,,,1
1553273242,,,0,,,1
1553273243,,,0,,,1
1553273244,,,0,,,1
1553273245,,,0,,,1
1553273246,,,0,,,1
1553273247,,,0,,,1
1553273248,,,0,,,1
1553273249,,,0,,,1
1553273250,,,0,,,1
1553273251,,,0,,,1
1553273252,,,0,,,1
1553273253,,,0,,,1
1553273254,,,0,,,1
1553273255,,,0,,,1
1553273256,,,0,,,1
1553273257,,,0,,,1
1553273258,,,0,,,1
1553273259,,,0,,,1
1553273260,,,0,,,1
1553273261,,,0,,,1
1553273262,,,0,,,1
1553273263,,,0,,,1
1553273264,,,0,,,1
1553273265,,,0,,,1
1553273266,,,0,,,1
1553273267,,,0,,,1
1553273268,,,0,,,1
1553273269,,,0,,,1
1553273270,,,0,,,1
1553273271,,,0,,,1
1553273272,,,0,,,1
1553273273,,,0,,,1
1553273274,,,0,,,1
1553273275,,,0,,,1
1553273276,,,0,,,1
1553273277,,,0,,,1
1553273278,,,0,,,1
1553273279,,,0,,,1
1553273280,,,0,,,1
1553273281,,,0,,,1
1553273282,,,0,,,1
1553273283,,,0,,,1
1553273284,,,0,,,1
1553273285,,,0,,,1
1553273286,,,0,,,1
1553273287,,,0,,,1
1553273288,,,0,,,1
1553273289,,,0,,,1
1553273290,,,0,,,1
1553273291,,,0,,,1
1553273292,,,0,,,1
1553273293,,,0,,,1
1553273294,,,0,,,1
1553273295,,,0,,,1
1553273296,,,0,,,1
1553273297,,,0,,,1
1553273298,,,0,,,1
1553273299,,,0,,,1
1553273300,,,0,,,1
1553273301,,,0,,,1
1553273302,,,0,,,1
1553273303,,,0,,,1
1553273304,,,0,,,1
1553273305,,,0,,,1
1553273306,,,0,,,1
1553273307,,,0,,,1
1553273308,,,0,,,1
1553273309,,,0,,,1
1553273310,,,0,,,1
1553273311,,,0,,,1
1553273312,,,0,,,1
1553273313,,,0,,,1
1553273314,,,0,,,1
1553273315,,,0,,,1
1553273316,,,0,,,1
1553273317,,,0,,,1
1553273318,,,0,,,1
1553273319,,,0,,,1
1553273320,,,0,,,1
1553273321,,,0,,,1
1553273322,,,0,,,1
1553273323,,,0,,,1
1553273324,,,0,,,1
1553273325,,,0,,,1
1553273326,,,0,,,1
1553273327,,,0,,,1
1553273328,,,0,,,1
1553273329,,,0,,,1
1553273330,,,0,,,1
1553273331,,,0,,,1
1553273332,,,0,,,1
1553273333,,,0,,,1
1553273334,,,0,,,1
1553273335,,,0,,,1
1553273336,,,0,,,1
1553273337,,,0,,,1
1553273338,,,0,,,1
1553273339,,,0,,,1
1553273340,,,0,,,1
1553273341,,,0,,,1
1553273342,,,0,,,1
1553273343,,,0,,,1
1553273344,,,0,,,1
1553273345,,,0,,,1
1553273346,,,0,,,1
1553273347,,,0,,,1
1553273348,,,0,,,1
1553273349,,,0,,,1
1553273350,,,0,,,1
1553273351,,,0,,,1
1553273352,,,0,,,1
1553273353,,,0,,,1
1553273354,,,0,,,1
1553273355,,,0,,,1
1553273356,,,0,,,1
1553273357,,,0,,,1
1553273358,,,0,,,1
1553273359,,,0,,,1
1553273360,,,0,,,1
1553273361,,,0,,,1
1553273362,,,0,,,1
1553273363,,,0,,,1
1553273364,,,0,,,1
1553273365,,,0,,,1
1553273366,,,0,,,1
1553273367,,,0,,,1
1553273368,,,0,,,1
1553273369,,,0,,,1
1553273370,,,0,,,1
1553273371,,,0,,,1
1553273372,,,0,,,1
1553273373,,,0,,,1
1553273374,,,0,,,1
1553273375,,,0,,,1
1553273376,,,0,,,1
1553273377,,,0,,,1
1553273378,,,0,,,1
1553273379,,,0,,,1
1553273380,,,0,,,1
1553273381,,,0,,,1
1553273382,,,0,,,1
1553273383,,,0,,,1
1553273384,,,0,,,1
1553273385,,,0,,,1
1553273386,,,0,,,1
1553273387,,,0,,,1
1553273388,,,0,,,1
1553273389,,,0,,,1
1553273390,,,0,,,1
1553273391,,,0,,,1
1553273392,,,0,,,1
1553273393,,,0,,,1
1553273394,,,0,,,1
1553273395,,,0,,,1
1553273396,,,0,,,1
1553273397,,,0,,,1
1553273398,,,0,,,1
1553273399,,,0,,,1
1553273400,,,0,,,1
1553273401,,,0,,,1
1553273402,,,0,,,1
1553273403,,,0,,,1
1553273404,,,0,,,1
1553273405,,,0,,,1
1553273406,,,0,,,1
1553273407,,,0,,,1
1553273408,,,0,,,1
1553273409,,,0,,,1
1553273410,,,0,,,1
1553273411,,,0,,,1
1553273412,,,0,,,1
1553273413,,,0,,,1
1553273414,,,0,,,1
1553273415,,,0,,,1
1553273416,,,0,,,1
1553273417,,,0,,,1
1553273418,,,0,,,1
1553273419,,,0,,,1
1553273420,,,0,,,1
1553273421,,,0,,,1
1553273422,,,0,,,1
1553273423,,,0,,,1
1553273424,,,0,,,1
1553273425,,,0,,,1
1553273426,,,0,,,1
1553273427,,,0,,,1
1553273428,,,0,,,1
1553273429,,,0,,,1
1553273430,,,0,,,1
1553273431,,,0,,,1
1553273432,,,0,,,1
1553273433,,,0,,,1
1553273434,,,0,,,1
1553273435,,,0,,,1
1553273436,,,0,,,1
1553273437,,,0,,,1
1553273438,,,0,,,1
1553273439,,,0,,,1
1553273440,,,0,,,1
1553273441,,,0,,,1
1553273442,,,0,,,1
1553273443,,,0,,,1
1553273444,,,0,,,1
1553273445,,,0,,,1
1553273446,,,0,,,1
1553273447,,,0,,,1
1553273448,,,0,,,1
1553273449,,,0,,,1
1553273450,,,0,,,1
1553273451,,,0,,,1
1553273452,,,0,,,1
1553273453,,,0,,,1
1553273454,,,0,,,1
1553273455,,,0,,,1
1553273456,,,0,,,1
1553273457,,,0,,,1
1553273458,,,0,,,1
1553273459,,,0,,,1
1553273460,,,0,,,1
1553273461,,,0,,,1
1553273462,,,0,,,1
1553273463,,,0,,,1
1553273464,,,0,,,1
1553273465,,,0,,,1
1553273466,,,0,,,1
1553273467,,,0,,,1
1553273468,,,0,,,1
1553273469,,,0,,,1
1553273470,,,0,,,1
1553273471,,,0,,,1
1553273472,,,0,,,1
1553273473,,,0,,,1
1553273474,,,0,,,1
1553273475,,,0,,,1
1553273476,,,0,,,1
1553273477,,,0,,,1
1553273478,,,0,,,1
1553273479,,,0,,,1
1553273480,,,0,,,1
1553273481,,,0,,,1
1553273482,,,0,,,1
1553273483,,,0,,,1
1553273484,,,0,,,1
1553273485,,,0,,,1
1553273486,,,0,,,1
1553273487,,,0,,,1
1553273488,,,0,,,1
1553273489,,,0,,,1
1553273490,,,0,,,1
1553273491,,,0,,,1
1553273492,,,0,,,1
1553273493,,,0,,,1
1553273494,,,0,,,1
1553273495,,,0,,,1
1553273496,,,0,,,1
1553273497,,,0,,,1
1553273498,,,0,,,1
1553273499,,,0,,,1
1553273500,,,0,,,1
1553273501,,,0,,,1
1553273502,,,0,,,1
1553273503,,,0,,,1
1553273504,,,0,,,1
1553273505,,,0,,,1
1553273506,,,0,,,1
1553273507,,,0,,,1
1553273508,,,0,,,1
1553273509,,,0,,,1
1553273510,,,0,,,1
1553273511,,,0,,,1
1553273512,,,0,,,1
1553273513,,,0,,,1
1553273514,,,0,,,1
1553273515,,,0,,,1
1553273516,,,0,,,1
1553273517,,,0,,,1
1553273518,,,0,,,1
1553273519,,,0,,,1
1553273520,,,0,,,1
1553273521,,,0,,,1
1553273522,,,0,,,1
1553273523,,,0,,,1
1553273524,,,0,,,1
1553273525,,,0,,,1
1553273526,,,0,,,1
1553273527,,,0,,,1
1553273528,,,0,,,1
1553273529,,,0,,,1
1553273530,,,0,,,1
1553273531,,,0,,,1
1553273532,,,0,,,1
1553273533,,,0,,,1
1553273534,,,0,,,1
1553273535,,,0,,,1
1553273536,,,0,,,1
1553273537,,,0,,,1
1553273538,,,0,,,1
1553273539,,,0,,,1
1553273540,,,0,,,1
1553273541,,,0,,,1
1553273542,,,0,,,1
1553273543,,,0,,,1
1553273544,,,0,,,1
1553273545,,,0,,,1
1553273546,,,0,,,1
1553273547,,,0,,,1
1553273548,,,0,,,1
1553273549,,,0,,,1
1553273550,,,0,,,1
1553273551,,,0,,,1
1553273552,,,0,,,1
1553273553,,,0,,,1
1553273554,,,0,,,1
1553273555,,,0,,,1
1553273556,,,0,,,1
1553273557,,,0,,,1
1553273558,,,0,,,1
1553273559,,,0,,,1
1553273560,,,0,,,1
1553273561,,,0,,,1
1553273562,,,0,,,1
1553273563,,,0,,,1
1553273564,,,0,,,1
1553273565,,,0,,,1
1553273566,,,0,,,1
1553273567,,,0,,,1
1553273568,,,0,,,1
1553273569,,,0,,,1
1553273570,,,0,,,1
1553273571,,,0,,,1
1553273572,,,0,,,1
1553273573,,,0,,,1
1553273574,,,0,,,1
1553273575,,,0,,,1
1553273576,,,0,,,1
1553273577,,,0,,,1
1553273578,,,0,,,1
1553273579,,,0,,,1
1553273580,,,0,,,1
1553273581,,,0,,,1
1553273582,,,0,,,1
1553273583,,,0,,,1
1553273584,,,0,,,1
1553273585,,,0,,,1
1553273586,,,0,,,1
1553273587,,,0,,,1
1553273588,,,0,,,1
1553273589,,,0,,,1
1553273590,,,0,,,1
1553273591,,,0,,,1
1553273592,,,0,,,1
1553273593,,,0,,,1
1553273594,,,0,,,1
1553273595,,,0,,,1
1553273596,,,0,,,1
1553273597,,,0,,,1
1553273598,,,0,,,1
1553273599,,,0,,,1
1553273600,,,0,,,1
1553273601,,,0,,,1
1553273602,,,0,,,1
1553273603,,,0,,,1
1553273604,,,0,,,1
1553273605,,,0,,,1
1553273606,,,0,,,1
1553273607,,,0,,,1
1553273608,,,0,,,1
1553273609,,,0,,,1
1553273610,,,0,,,1
1553273611,,,0,,,1
1553273612,,,0,,,1
1553273613,,,0,,,1
1553273614,,,0,,,1
1553273615,,,0,,,1
1553273616,,,0,,,1
1553273617,,,0,,,1
1553273618,,,0,,,1
1553273619,,,0,,,1
1553273620,,,0,,,1
1553273621,,,0,,,1
1553273622,,,0,,,1
1553273623,,,0,,,1
1553273624,,,0,,,1
1553273625,,,0,,,1
1553273626,,,0,,,1
1553273627,,,0,,,1
1553273628,,,0,,,1
1553273629,,,0,,,1
1553273630,,,0,,,1
1553273631,"10.8.2.200","2019-03-22",201,"10.8.1.4","16:53:51",1
1553273632,"10.8.2.200","2019-03-22",176,"10.8.1.4","16:53:52",1
1553273633,"10.8.2.200","2019-03-22",175,"10.8.1.4","16:53:53",1
1553273634,"10.8.2.200","2019-03-22",180,"10.8.1.4","16:53:54",1
1553273635,"10.8.2.200","2019-03-22",147,"10.8.1.4","16:53:55",1
1553273636,"10.8.2.200","2019-03-22",155,"10.8.1.4","16:53:56",1
1553273637,"10.8.2.200","2019-03-22",173,"10.8.1.4","16:53:57",1
1553273638,"10.8.2.200","2019-03-22",181,"10.8.1.4","16:53:58",1
1553273639,"10.8.2.200","2019-03-22",185,"10.8.1.4","16:53:59",1
1553273640,"10.8.2.200","2019-03-22",148,"10.8.1.4","16:54:00",1
1553273641,"10.8.2.200","2019-03-22",184,"10.8.1.4","16:54:01",1
1553273642,"10.8.2.200","2019-03-22",169,"10.8.1.4","16:54:02",1
1553273643,"10.8.2.200","2019-03-22",229,"10.8.1.4","16:54:03",1
1553273644,"10.8.2.200","2019-03-22",173,"10.8.1.4","16:54:04",1
1553273645,"10.8.2.200","2019-03-22",183,"10.8.1.4","16:54:05",1
1553273646,"10.8.2.200","2019-03-22",201,"10.8.1.4","16:54:06",1
1553273647,"10.8.2.200","2019-03-22",201,"10.8.1.4","16:54:07",1
1553273648,"10.8.2.200","2019-03-22",205,"10.8.1.4","16:54:08",1
1553273649,"10.8.2.200","2019-03-22",184,"10.8.1.4","16:54:09",1
1553273650,"10.8.2.200","2019-03-22",187,"10.8.1.4","16:54:10",1
1553273651,"10.8.2.200","2019-03-22",199,"10.8.1.4","16:54:11",1
1553273652,"10.8.2.200","2019-03-22",154,"10.8.1.4","16:54:12",1
1553273653,"10.8.2.200","2019-03-22",190,"10.8.1.4","16:54:13",1
1553273654,"10.8.2.200","2019-03-22",186,"10.8.1.4","16:54:14",1
1553273655,"10.8.2.200","2019-03-22",205,"10.8.1.4","16:54:15",1
1553273656,"10.8.2.200","2019-03-22",110,"10.8.1.4","16:54:16",1
1553273657,"10.8.2.200","2019-03-22",100,"10.8.1.4","16:54:17",1
1553273658,,,0,,,1
1553273659,"10.8.2.200","2019-03-22",185,"10.8.1.4","16:54:19",1
1553273660,"10.8.2.200","2019-03-22",187,"10.8.1.4","16:54:20",1
1553273661,"10.8.2.200","2019-03-22",194,"10.8.1.4","16:54:21",1
1553273662,"10.8.2.200","2019-03-22",182,"10.8.1.4","16:54:22",1
1553273663,"10.8.2.200","2019-03-22",190,"10.8.1.4","16:54:23",1
1553273664,"10.8.2.200","2019-03-22",197,"10.8.1.4","16:54:24",1
1553273665,"10.8.2.200","2019-03-22",166,"10.8.1.4","16:54:25",1
1553273666,"10.8.2.200","2019-03-22",176,"10.8.1.4","16:54:26",1
1553273667,"10.8.2.200","2019-03-22",197,"10.8.1.4","16:54:27",1
1553273668,"10.8.2.200","2019-03-22",182,"10.8.1.4","16:54:28",1
1553273669,"10.8.2.200","2019-03-22",191,"10.8.1.4","16:54:29",1
1553273670,"10.8.2.200","2019-03-22",180,"10.8.1.4","16:54:30",1
1553273671,"10.8.2.200","2019-03-22",173,"10.8.1.4","16:54:31",1
1553273672,"10.8.2.200","2019-03-22",194,"10.8.1.4","16:54:32",1
1553273673,"10.8.2.200","2019-03-22",213,"10.8.1.4","16:54:33",1
1553273674,"10.8.2.200","2019-03-22",205,"10.8.1.4","16:54:34",1
1553273675,"10.8.2.200","2019-03-22",188,"10.8.1.4","16:54:35",1
1553273676,"10.8.2.200","2019-03-22",192,"10.8.1.4","16:54:36",1
1553273677,"10.8.2.200","2019-03-22",213,"10.8.1.4","16:54:37",1
1553273678,"10.8.2.200","2019-03-22",181,"10.8.1.4","16:54:38",1
1553273679,"10.8.2.200","2019-03-22",191,"10.8.1.4","16:54:39",1
1553273680,"10.8.2.200","2019-03-22",194,"10.8.1.4","16:54:40",1
1553273681,"10.8.2.200","2019-03-22",200,"10.8.1.4","16:54:41",1
1553273682,"10.8.2.200","2019-03-22",223,"10.8.1.4","16:54:42",1
1553273683,"10.8.2.200","2019-03-22",221,"10.8.1.4","16:54:43",1
1553273684,"10.8.2.200","2019-03-22",114,"10.8.1.4","16:54:44",1
1553273685,"10.8.2.200","2019-03-22",202,"10.8.1.4","16:54:45",1
1553273686,"10.8.2.200","2019-03-22",213,"10.8.1.4","16:54:46",1
1553273687,"10.8.2.200","2019-03-22",226,"10.8.1.4","16:54:47",1
1553273688,"10.8.2.200","2019-03-22",180,"10.8.1.4","16:54:48",1
1553273689,"10.8.2.200","2019-03-22",146,"10.8.1.4","16:54:49",1
1553273690,"10.8.2.200","2019-03-22",189,"10.8.1.4","16:54:50",1
1553273691,"10.8.2.200","2019-03-22",141,"10.8.1.4","16:54:51",1
1553273692,"10.8.2.200","2019-03-22",434,"10.8.1.4","16:54:52",1
1553273693,"10.8.2.200","2019-03-22",91,"10.8.1.4","16:54:53",1
1553273694,"10.8.2.200","2019-03-22",135,"10.8.1.4","16:54:54",1
1553273695,"10.8.2.200","2019-03-22",185,"10.8.1.4","16:54:55",1
1553273696,"10.8.2.200","2019-03-22",209,"10.8.1.4","16:54:56",1
1553273697,"10.8.2.200","2019-03-22",196,"10.8.1.4","16:54:57",1
1553273698,"10.8.2.200","2019-03-22",171,"10.8.1.4","16:54:58",1
1553273699,"10.8.2.200","2019-03-22",184,"10.8.1.4","16:54:59",1
1553273700,"10.8.2.200","2019-03-22",216,"10.8.1.4","16:55:00",1
1553273701,"10.8.2.200","2019-03-22",221,"10.8.1.4","16:55:01",1
1553273702,"10.8.2.200","2019-03-22",212,"10.8.1.4","16:55:02",1
1553273703,"10.8.2.200","2019-03-22",173,"10.8.1.4","16:55:03",1
1553273704,"10.8.2.200","2019-03-22",181,"10.8.1.4","16:55:04",1
1553273705,"10.8.2.200","2019-03-22",205,"10.8.1.4","16:55:05",1
1553273706,"10.8.2.200","2019-03-22",212,"10.8.1.4","16:55:06",1
1553273707,"10.8.2.200","2019-03-22",198,"10.8.1.4","16:55:07",1
1553273708,"10.8.2.200","2019-03-22",175,"10.8.1.4","16:55:08",1
1553273709,"10.8.2.200","2019-03-22",173,"10.8.1.4","16:55:09",1
1553273710,"10.8.2.200","2019-03-22",178,"10.8.1.4","16:55:10",1
1553273711,"10.8.2.200","2019-03-22",171,"10.8.1.4","16:55:11",1
1553273712,"10.8.2.200","2019-03-22",204,"10.8.1.4","16:55:12",1
1553273713,"10.8.2.200","2019-03-22",214,"10.8.1.4","16:55:13",1
1553273714,"10.8.2.200","2019-03-22",194,"10.8.1.4","16:55:14",1
1553273715,"10.8.2.200","2019-03-22",232,"10.8.1.4","16:55:15",1
1553273716,"10.8.2.200","2019-03-22",226,"10.8.1.4","16:55:16",1
1553273717,"10.8.2.200","2019-03-22",195,"10.8.1.4","16:55:17",1
1553273718,,,0,,,1
1553273719,"10.8.2.200","2019-03-22",183,"10.8.1.4","16:55:19",1
1553273720,"10.8.2.200","2019-03-22",239,"10.8.1.4","16:55:20",1
1553273721,"10.8.2.200","2019-03-22",170,"10.8.1.4","16:55:21",1
1553273722,"10.8.2.200","2019-03-22",154,"10.8.1.4","16:55:22",1
1553273723,"10.8.2.200","2019-03-22",210,"10.8.1.4","16:55:23",1
1553273724,"10.8.2.200","2019-03-22",208,"10.8.1.4","16:55:24",1
1553273725,"10.8.2.200","2019-03-22",189,"10.8.1.4","16:55:25",1
1553273726,"10.8.2.200","2019-03-22",167,"10.8.1.4","16:55:26",1
1553273727,"10.8.2.200","2019-03-22",188,"10.8.1.4","16:55:27",1
1553273728,"10.8.2.200","2019-03-22",220,"10.8.1.4","16:55:28",1
1553273729,"10.8.2.200","2019-03-22",240,"10.8.1.4","16:55:29",1
1553273730,"10.8.2.200","2019-03-22",209,"10.8.1.4","16:55:30",1
1553273731,"10.8.2.200","2019-03-22",202,"10.8.1.4","16:55:31",1
1553273732,"10.8.2.200","2019-03-22",176,"10.8.1.4","16:55:32",1
1553273733,"10.8.2.200","2019-03-22",205,"10.8.1.4","16:55:33",1
1553273734,"10.8.2.200","2019-03-22",207,"10.8.1.4","16:55:34",1
1553273735,"10.8.2.200","2019-03-22",186,"10.8.1.4","16:55:35",1
1553273736,"10.8.2.200","2019-03-22",170,"10.8.1.4","16:55:36",1
1553273737,"10.8.2.200","2019-03-22",176,"10.8.1.4","16:55:37",1
1553273738,"10.8.2.200","2019-03-22",191,"10.8.1.4","16:55:38",1
1553273739,"10.8.2.200","2019-03-22",226,"10.8.1.4","16:55:39",1
1553273740,"10.8.2.200","2019-03-22",199,"10.8.1.4","16:55:40",1
1553273741,"10.8.2.200","2019-03-22",193,"10.8.1.4","16:55:41",1
1553273742,"10.8.2.200","2019-03-22",178,"10.8.1.4","16:55:42",1
1553273743,"10.8.2.200","2019-03-22",186,"10.8.1.4","16:55:43",1
1553273744,"10.8.2.200","2019-03-22",209,"10.8.1.4","16:55:44",1
1553273745,"10.8.2.200","2019-03-22",227,"10.8.1.4","16:55:45",1
1553273746,"10.8.2.200","2019-03-22",61,"10.8.1.4","16:55:46",1
1553273747,"10.8.2.200","2019-03-22",163,"10.8.1.4","16:55:47",1
1553273748,"10.8.2.200","2019-03-22",244,"10.8.1.4","16:55:48",1
1553273749,"10.8.2.200","2019-03-22",205,"10.8.1.4","16:55:49",1
1553273750,"10.8.2.200","2019-03-22",163,"10.8.1.4","16:55:50",1
1553273751,"10.8.2.200","2019-03-22",198,"10.8.1.4","16:55:51",1
1553273752,"10.8.2.200","2019-03-22",189,"10.8.1.4","16:55:52",1
1553273753,"10.8.2.200","2019-03-22",185,"10.8.1.4","16:55:53",1
1553273754,"10.8.2.200","2019-03-22",193,"10.8.1.4","16:55:54",1
1553273755,"10.8.2.200","2019-03-22",209,"10.8.1.4","16:55:55",1
1553273756,"10.8.2.200","2019-03-22",202,"10.8.1.4","16:55:56",1
1553273757,"10.8.2.200","2019-03-22",192,"10.8.1.4","16:55:57",1
1553273758,"10.8.2.200","2019-03-22",196,"10.8.1.4","16:55:58",1
1553273759,"10.8.2.200","2019-03-22",205,"10.8.1.4","16:55:59",1
1553273760,"10.8.2.200","2019-03-22",203,"10.8.1.4","16:56:00",1
1553273761,"10.8.2.200","2019-03-22",189,"10.8.1.4","16:56:01",1
1553273762,"10.8.2.200","2019-03-22",189,"10.8.1.4","16:56:02",1
1553273763,"10.8.2.200","2019-03-22",197,"10.8.1.4","16:56:03",1
1553273764,"10.8.2.200","2019-03-22",196,"10.8.1.4","16:56:04",1
1553273765,"10.8.2.200","2019-03-22",187,"10.8.1.4","16:56:05",1
1553273766,"10.8.2.200","2019-03-22",196,"10.8.1.4","16:56:06",1
1553273767,"10.8.2.200","2019-03-22",203,"10.8.1.4","16:56:07",1
1553273768,"10.8.2.200","2019-03-22",170,"10.8.1.4","16:56:08",1
1553273769,"10.8.2.200","2019-03-22",181,"10.8.1.4","16:56:09",1
1553273770,"10.8.2.200","2019-03-22",202,"10.8.1.4","16:56:10",1
1553273771,"10.8.2.200","2019-03-22",196,"10.8.1.4","16:56:11",1
1553273772,"10.8.2.200","2019-03-22",195,"10.8.1.4","16:56:12",1
1553273773,"10.8.2.200","2019-03-22",195,"10.8.1.4","16:56:13",1
1553273774,,,0,,,1
1553273775,"10.8.2.200","2019-03-22",223,"10.8.1.4","16:56:15",1
1553273776,"10.8.2.200","2019-03-22",224,"10.8.1.4","16:56:16",1
1553273777,"10.8.2.200","2019-03-22",222,"10.8.1.4","16:56:17",1
1553273778,"10.8.2.200","2019-03-22",219,"10.8.1.4","16:56:18",1
1553273779,"10.8.2.200","2019-03-22",200,"10.8.1.4","16:56:19",1
1553273780,"10.8.2.200","2019-03-22",205,"10.8.1.4","16:56:20",1
1553273781,"10.8.2.200","2019-03-22",195,"10.8.1.4","16:56:21",1
1553273782,"10.8.2.200","2019-03-22",200,"10.8.1.4","16:56:22",1
1553273783,"10.8.2.200","2019-03-22",182,"10.8.1.4","16:56:23",1
1553273784,"10.8.2.200","2019-03-22",200,"10.8.1.4","16:56:24",1
1553273785,"10.8.2.200","2019-03-22",187,"10.8.1.4","16:56:25",1
1553273786,"10.8.2.200","2019-03-22",175,"10.8.1.4","16:56:26",1
1553273787,"10.8.2.200","2019-03-22",210,"10.8.1.4","16:56:27",1
1553273788,"10.8.2.200","2019-03-22",201,"10.8.1.4","16:56:28",1
1553273789,"10.8.2.200","2019-03-22",210,"10.8.1.4","16:56:29",1
1553273790,"10.8.2.200","2019-03-22",206,"10.8.1.4","16:56:30",1
1553273791,"10.8.2.200","2019-03-22",217,"10.8.1.4","16:56:31",1
1553273792,"10.8.2.200","2019-03-22",208,"10.8.1.4","16:56:32",1
1553273793,"10.8.2.200","2019-03-22",184,"10.8.1.4","16:56:33",1
1553273794,"10.8.2.200","2019-03-22",187,"10.8.1.4","16:56:34",1
1553273795,"10.8.2.200","2019-03-22",175,"10.8.1.4","16:56:35",1
1553273796,"10.8.2.200","2019-03-22",382,"10.8.1.4","16:56:36",1
1553273797,"10.8.2.200","2019-03-22",22,"10.8.1.4","16:56:37",1
1553273798,"10.8.2.200","2019-03-22",180,"10.8.1.4","16:56:38",1
1553273799,,,0,,,1
1553273800,"10.8.2.200","2019-03-22",189,"10.8.1.4","16:56:40",1
1553273801,"10.8.2.200","2019-03-22",165,"10.8.1.4","16:56:41",1
1553273802,"10.8.2.200","2019-03-22",157,"10.8.1.4","16:56:42",1
1553273803,"10.8.2.200","2019-03-22",184,"10.8.1.4","16:56:43",1
1553273804,"10.8.2.200","2019-03-22",223,"10.8.1.4","16:56:44",1
1553273805,"10.8.2.200","2019-03-22",151,"10.8.1.4","16:56:45",1
1553273806,"10.8.2.200","2019-03-22",168,"10.8.1.4","16:56:46",1
1553273807,"10.8.2.200","2019-03-22",219,"10.8.1.4","16:56:47",1
1553273808,"10.8.2.200","2019-03-22",202,"10.8.1.4","16:56:48",1
1553273809,"10.8.2.200","2019-03-22",200,"10.8.1.4","16:56:49",1
1553273810,"10.8.2.200","2019-03-22",196,"10.8.1.4","16:56:50",1
1553273811,"10.8.2.200","2019-03-22",196,"10.8.1.4","16:56:51",1
1553273812,"10.8.2.200","2019-03-22",217,"10.8.1.4","16:56:52",1
1553273813,"10.8.2.200","2019-03-22",178,"10.8.1.4","16:56:53",1
1553273814,"10.8.2.200","2019-03-22",184,"10.8.1.4","16:56:54",1
1553273815,"10.8.2.200","2019-03-22",186,"10.8.1.4","16:56:55",1
1553273816,"10.8.2.200","2019-03-22",197,"10.8.1.4","16:56:56",1
1553273817,"10.8.2.200","2019-03-22",200,"10.8.1.4","16:56:57",1
1553273818,"10.8.2.200","2019-03-22",198,"10.8.1.4","16:56:58",1
1553273819,"10.8.2.200","2019-03-22",205,"10.8.1.4","16:56:59",1
1553273820,"10.8.2.200","2019-03-22",203,"10.8.1.4","16:57:00",1
1553273821,"10.8.2.200","2019-03-22",196,"10.8.1.4","16:57:01",1
1553273822,"10.8.2.200","2019-03-22",222,"10.8.1.4","16:57:02",1
1553273823,"10.8.2.200","2019-03-22",206,"10.8.1.4","16:57:03",1
1553273824,"10.8.2.200","2019-03-22",187,"10.8.1.4","16:57:04",1
1553273825,"10.8.2.200","2019-03-22",210,"10.8.1.4","16:57:05",1
1553273826,"10.8.2.200","2019-03-22",208,"10.8.1.4","16:57:06",1
1553273827,"10.8.2.200","2019-03-22",193,"10.8.1.4","16:57:07",1
1553273828,"10.8.2.200","2019-03-22",189,"10.8.1.4","16:57:08",1
1553273829,"10.8.2.200","2019-03-22",168,"10.8.1.4","16:57:09",1
1553273830,"10.8.2.200","2019-03-22",213,"10.8.1.4","16:57:10",1
1553273831,"10.8.2.200","2019-03-22",226,"10.8.1.4","16:57:11",1
1553273832,"10.8.2.200","2019-03-22",197,"10.8.1.4","16:57:12",1
1553273833,"10.8.2.200","2019-03-22",193,"10.8.1.4","16:57:13",1
1553273834,"10.8.2.200","2019-03-22",187,"10.8.1.4","16:57:14",1
1553273835,"10.8.2.200","2019-03-22",224,"10.8.1.4","16:57:15",1
1553273836,"10.8.2.200","2019-03-22",198,"10.8.1.4","16:57:16",1
1553273837,,,0,,,1
1553273838,"10.8.2.200","2019-03-22",215,"10.8.1.4","16:57:18",1
1553273839,"10.8.2.200","2019-03-22",190,"10.8.1.4","16:57:19",1
1553273840,"10.8.2.200","2019-03-22",206,"10.8.1.4","16:57:20",1
1553273841,"10.8.2.200","2019-03-22",209,"10.8.1.4","16:57:21",1
1553273842,"10.8.2.200","2019-03-22",215,"10.8.1.4","16:57:22",1
1553273843,"10.8.2.200","2019-03-22",208,"10.8.1.4","16:57:23",1
1553273844,"10.8.2.200","2019-03-22",208,"10.8.1.4","16:57:24",1
1553273845,"10.8.2.200","2019-03-22",198,"10.8.1.4","16:57:25",1
1553273846,"10.8.2.200","2019-03-22",227,"10.8.1.4","16:57:26",1
1553273847,"10.8.2.200","2019-03-22",112,"10.8.1.4","16:57:27",1
1553273848,"10.8.2.200","2019-03-22",305,"10.8.1.4","16:57:28",1
1553273849,"10.8.2.200","2019-03-22",162,"10.8.1.4","16:57:29",1
1553273850,"10.8.2.200","2019-03-22",214,"10.8.1.4","16:57:30",1
1553273851,"10.8.2.200","2019-03-22",173,"10.8.1.4","16:57:31",1
1553273852,"10.8.2.200","2019-03-22",202,"10.8.1.4","16:57:32",1
1553273853,"10.8.2.200","2019-03-22",199,"10.8.1.4","16:57:33",1
1553273854,"10.8.2.200","2019-03-22",185,"10.8.1.4","16:57:34",1
1553273855,"10.8.2.200","2019-03-22",212,"10.8.1.4","16:57:35",1
1553273856,"10.8.2.200","2019-03-22",217,"10.8.1.4","16:57:36",1
1553273857,"10.8.2.200","2019-03-22",202,"10.8.1.4","16:57:37",1
1553273858,"10.8.2.200","2019-03-22",123,"10.8.1.4","16:57:38",1
1553273859,"10.8.2.200","2019-03-22",258,"10.8.1.4","16:57:39",1
1553273860,"10.8.2.200","2019-03-22",233,"10.8.1.4","16:57:40",1
1553273861,"10.8.2.200","2019-03-22",236,"10.8.1.4","16:57:41",1
1553273862,"10.8.2.200","2019-03-22",190,"10.8.1.4","16:57:42",1
1553273863,"10.8.2.200","2019-03-22",169,"10.8.1.4","16:57:43",1
1553273864,"10.8.2.200","2019-03-22",194,"10.8.1.4","16:57:44",1
1553273865,"10.8.2.200","2019-03-22",196,"10.8.1.4","16:57:45",1
1553273866,"10.8.2.200","2019-03-22",183,"10.8.1.4","16:57:46",1
1553273867,"10.8.2.200","2019-03-22",206,"10.8.1.4","16:57:47",1
1553273868,"10.8.2.200","2019-03-22",191,"10.8.1.4","16:57:48",1
1553273869,"10.8.2.200","2019-03-22",162,"10.8.1.4","16:57:49",1
1553273870,"10.8.2.200","2019-03-22",188,"10.8.1.4","16:57:50",1
1553273871,"10.8.2.200","2019-03-22",191,"10.8.1.4","16:57:51",1
1553273872,"10.8.2.200","2019-03-22",185,"10.8.1.4","16:57:52",1
1553273873,"10.8.2.200","2019-03-22",182,"10.8.1.4","16:57:53",1
1553273874,"10.8.2.200","2019-03-22",182,"10.8.1.4","16:57:54",1
1553273875,"10.8.2.200","2019-03-22",204,"10.8.1.4","16:57:55",1
1553273876,"10.8.2.200","2019-03-22",188,"10.8.1.4","16:57:56",1
1553273877,"10.8.2.200","2019-03-22",178,"10.8.1.4","16:57:57",1
1553273878,"10.8.2.200","2019-03-22",195,"10.8.1.4","16:57:58",1
1553273879,"10.8.2.200","2019-03-22",196,"10.8.1.4","16:57:59",1
1553273880,"10.8.2.200","2019-03-22",164,"10.8.1.4","16:58:00",1
1553273881,"10.8.2.200","2019-03-22",187,"10.8.1.4","16:58:01",1
1553273882,"10.8.2.200","2019-03-22",216,"10.8.1.4","16:58:02",1
1553273883,"10.8.2.200","2019-03-22",210,"10.8.1.4","16:58:03",1
1553273884,"10.8.2.200","2019-03-22",194,"10.8.1.4","16:58:04",1
1553273885,"10.8.2.200","2019-03-22",216,"10.8.1.4","16:58:05",1
1553273886,"10.8.2.200","2019-03-22",156,"10.8.1.4","16:58:06",1
1553273887,"10.8.2.200","2019-03-22",232,"10.8.1.4","16:58:07",1
1553273888,"10.8.2.200","2019-03-22",215,"10.8.1.4","16:58:08",1
1553273889,"10.8.2.200","2019-03-22",183,"10.8.1.4","16:58:09",1
1553273890,"10.8.2.200","2019-03-22",191,"10.8.1.4","16:58:10",1
1553273891,"10.8.2.200","2019-03-22",204,"10.8.1.4","16:58:11",1
1553273892,"10.8.2.200","2019-03-22",169,"10.8.1.4","16:58:12",1
1553273893,"10.8.2.200","2019-03-22",197,"10.8.1.4","16:58:13",1
1553273894,"10.8.2.200","2019-03-22",185,"10.8.1.4","16:58:14",1
1553273895,"10.8.2.200","2019-03-22",183,"10.8.1.4","16:58:15",1
1553273896,"10.8.2.200","2019-03-22",189,"10.8.1.4","16:58:16",1
1553273897,"10.8.2.200","2019-03-22",202,"10.8.1.4","16:58:17",1
1553273898,"10.8.2.200","2019-03-22",193,"10.8.1.4","16:58:18",1
1553273899,"10.8.2.200","2019-03-22",184,"10.8.1.4","16:58:19",1
1553273900,"10.8.2.200","2019-03-22",176,"10.8.1.4","16:58:20",1
1553273901,"10.8.2.200","2019-03-22",187,"10.8.1.4","16:58:21",1
1553273902,"10.8.2.200","2019-03-22",187,"10.8.1.4","16:58:22",1
1553273903,,,0,,,1
1553273904,"10.8.2.200","2019-03-22",192,"10.8.1.4","16:58:24",1
1553273905,"10.8.2.200","2019-03-22",178,"10.8.1.4","16:58:25",1
1553273906,"10.8.2.200","2019-03-22",167,"10.8.1.4","16:58:26",1
1553273907,"10.8.2.200","2019-03-22",138,"10.8.1.4","16:58:27",1
1553273908,"10.8.2.200","2019-03-22",200,"10.8.1.4","16:58:28",1
1553273909,"10.8.2.200","2019-03-22",202,"10.8.1.4","16:58:29",1
1553273910,"10.8.2.200","2019-03-22",215,"10.8.1.4","16:58:30",1
1553273911,"10.8.2.200","2019-03-22",189,"10.8.1.4","16:58:31",1
1553273912,"10.8.2.200","2019-03-22",180,"10.8.1.4","16:58:32",1
1553273913,"10.8.2.200","2019-03-22",166,"10.8.1.4","16:58:33",1
1553273914,"10.8.2.200","2019-03-22",107,"10.8.1.4","16:58:34",1
1553273915,"10.8.2.200","2019-03-22",230,"10.8.1.4","16:58:35",1
1553273916,"10.8.2.200","2019-03-22",186,"10.8.1.4","16:58:36",1
1553273917,"10.8.2.200","2019-03-22",180,"10.8.1.4","16:58:37",1
1553273918,"10.8.2.200","2019-03-22",172,"10.8.1.4","16:58:38",1
1553273919,"10.8.2.200","2019-03-22",175,"10.8.1.4","16:58:39",1
1553273920,"10.8.2.200","2019-03-22",162,"10.8.1.4","16:58:40",1
1553273921,"10.8.2.200","2019-03-22",180,"10.8.1.4","16:58:41",1
1553273922,"10.8.2.200","2019-03-22",183,"10.8.1.4","16:58:42",1
1553273923,"10.8.2.200","2019-03-22",190,"10.8.1.4","16:58:43",1
1553273924,"10.8.2.200","2019-03-22",208,"10.8.1.4","16:58:44",1
1553273925,"10.8.2.200","2019-03-22",218,"10.8.1.4","16:58:45",1
1553273926,"10.8.2.200","2019-03-22",186,"10.8.1.4","16:58:46",1
1553273927,"10.8.2.200","2019-03-22",170,"10.8.1.4","16:58:47",1
1553273928,"10.8.2.200","2019-03-22",207,"10.8.1.4","16:58:48",1
1553273929,"10.8.2.200","2019-03-22",221,"10.8.1.4","16:58:49",1
1553273930,"10.8.2.200","2019-03-22",211,"10.8.1.4","16:58:50",1
1553273931,"10.8.2.200","2019-03-22",172,"10.8.1.4","16:58:51",1
1553273932,"10.8.2.200","2019-03-22",210,"10.8.1.4","16:58:52",1
1553273933,"10.8.2.200","2019-03-22",238,"10.8.1.4","16:58:53",1
1553273934,"10.8.2.200","2019-03-22",190,"10.8.1.4","16:58:54",1
1553273935,"10.8.2.200","2019-03-22",143,"10.8.1.4","16:58:55",1
1553273936,"10.8.2.200","2019-03-22",198,"10.8.1.4","16:58:56",1
1553273937,"10.8.2.200","2019-03-22",207,"10.8.1.4","16:58:57",1
1553273938,"10.8.2.200","2019-03-22",192,"10.8.1.4","16:58:58",1
1553273939,"10.8.2.200","2019-03-22",203,"10.8.1.4","16:58:59",1
1553273940,"10.8.2.200","2019-03-22",184,"10.8.1.4","16:59:00",1
1553273941,"10.8.2.200","2019-03-22",189,"10.8.1.4","16:59:01",1
1553273942,"10.8.2.200","2019-03-22",206,"10.8.1.4","16:59:02",1
1553273943,"10.8.2.200","2019-03-22",197,"10.8.1.4","16:59:03",1
1553273944,"10.8.2.200","2019-03-22",190,"10.8.1.4","16:59:04",1
1553273945,"10.8.2.200","2019-03-22",196,"10.8.1.4","16:59:05",1
1553273946,"10.8.2.200","2019-03-22",198,"10.8.1.4","16:59:06",1
1553273947,"10.8.2.200","2019-03-22",195,"10.8.1.4","16:59:07",1
1553273948,"10.8.2.200","2019-03-22",205,"10.8.1.4","16:59:08",1
1553273949,"10.8.2.200","2019-03-22",196,"10.8.1.4","16:59:09",1
1553273950,"10.8.2.200","2019-03-22",188,"10.8.1.4","16:59:10",1
1553273951,"10.8.2.200","2019-03-22",211,"10.8.1.4","16:59:11",1
1553273952,"10.8.2.200","2019-03-22",209,"10.8.1.4","16:59:12",1
1553273953,"10.8.2.200","2019-03-22",204,"10.8.1.4","16:59:13",1
1553273954,"10.8.2.200","2019-03-22",197,"10.8.1.4","16:59:14",1
1553273955,"10.8.2.200","2019-03-22",194,"10.8.1.4","16:59:15",1
1553273956,"10.8.2.200","2019-03-22",196,"10.8.1.4","16:59:16",1
1553273957,"10.8.2.200","2019-03-22",195,"10.8.1.4","16:59:17",1
1553273958,"10.8.2.200","2019-03-22",201,"10.8.1.4","16:59:18",1
1553273959,"10.8.2.200","2019-03-22",192,"10.8.1.4","16:59:19",1
1553273960,"10.8.2.200","2019-03-22",213,"10.8.1.4","16:59:20",1
1553273961,"10.8.2.200","2019-03-22",208,"10.8.1.4","16:59:21",1
1553273962,"10.8.2.200","2019-03-22",110,"10.8.1.4","16:59:22",1
1553273963,"10.8.2.200","2019-03-22",107,"10.8.1.4","16:59:23",1
1553273964,"10.8.2.200","2019-03-22",252,"10.8.1.4","16:59:24",1
1553273965,"10.8.2.200","2019-03-22",240,"10.8.1.4","16:59:25",1
1553273966,"10.8.2.200","2019-03-22",178,"10.8.1.4","16:59:26",1
1553273967,"10.8.2.200","2019-03-22",181,"10.8.1.4","16:59:27",1
1553273968,"10.8.2.200","2019-03-22",183,"10.8.1.4","16:59:28",1
1553273969,"10.8.2.200","2019-03-22",206,"10.8.1.4","16:59:29",1
1553273970,"10.8.2.200","2019-03-22",194,"10.8.1.4","16:59:30",1
1553273971,"10.8.2.200","2019-03-22",204,"10.8.1.4","16:59:31",1
1553273972,"10.8.2.200","2019-03-22",208,"10.8.1.4","16:59:32",1
1553273973,"10.8.2.200","2019-03-22",201,"10.8.1.4","16:59:33",1
1553273974,"10.8.2.200","2019-03-22",220,"10.8.1.4","16:59:34",1
1553273975,"10.8.2.200","2019-03-22",227,"10.8.1.4","16:59:35",1
1553273976,"10.8.2.200","2019-03-22",209,"10.8.1.4","16:59:36",1
1553273977,"10.8.2.200","2019-03-22",200,"10.8.1.4","16:59:37",1
1553273978,"10.8.2.200","2019-03-22",212,"10.8.1.4","16:59:38",1
1553273979,"10.8.2.200","2019-03-22",223,"10.8.1.4","16:59:39",1
1553273980,"10.8.2.200","2019-03-22",221,"10.8.1.4","16:59:40",1
1553273981,"10.8.2.200","2019-03-22",192,"10.8.1.4","16:59:41",1
1553273982,"10.8.2.200","2019-03-22",206,"10.8.1.4","16:59:42",1
1553273983,"10.8.2.200","2019-03-22",220,"10.8.1.4","16:59:43",1
1553273984,"10.8.2.200","2019-03-22",206,"10.8.1.4","16:59:44",1
1553273985,"10.8.2.200","2019-03-22",181,"10.8.1.4","16:59:45",1
1553273986,"10.8.2.200","2019-03-22",197,"10.8.1.4","16:59:46",1
1553273987,"10.8.2.200","2019-03-22",207,"10.8.1.4","16:59:47",1
1553273988,"10.8.2.200","2019-03-22",210,"10.8.1.4","16:59:48",1
1553273989,"10.8.2.200","2019-03-22",109,"10.8.1.4","16:59:49",1
1553273990,,,0,,,1
1553273991,"10.8.2.200","2019-03-22",257,"10.8.1.4","16:59:51",1
1553273992,"10.8.2.200","2019-03-22",167,"10.8.1.4","16:59:52",1
1553273993,"10.8.2.200","2019-03-22",196,"10.8.1.4","16:59:53",1
1553273994,"10.8.2.200","2019-03-22",216,"10.8.1.4","16:59:54",1
1553273995,"10.8.2.200","2019-03-22",224,"10.8.1.4","16:59:55",1
1553273996,"10.8.2.200","2019-03-22",206,"10.8.1.4","16:59:56",1
1553273997,"10.8.2.200","2019-03-22",217,"10.8.1.4","16:59:57",1
1553273998,"10.8.2.200","2019-03-22",205,"10.8.1.4","16:59:58",1
1553273999,"10.8.2.200","2019-03-22",197,"10.8.1.4","16:59:59",1
1553274000,"10.8.2.200","2019-03-22",97,"10.8.1.4","17:00:00",1
1553274001,,,0,,,1
1553274002,,,0,,,1
1553274003,"10.8.2.200","2019-03-22",261,"10.8.1.4","17:00:03",1
1553274004,"10.8.2.200","2019-03-22",201,"10.8.1.4","17:00:04",1
1553274005,"10.8.2.200","2019-03-22",57,"10.8.1.4","17:00:05",1
1553274006,"10.8.2.200","2019-03-22",158,"10.8.1.4","17:00:06",1
1553274007,"10.8.2.200","2019-03-22",190,"10.8.1.4","17:00:07",1
1553274008,"10.8.2.200","2019-03-22",162,"10.8.1.4","17:00:08",1
1553274009,"10.8.2.200","2019-03-22",265,"10.8.1.4","17:00:09",1
1553274010,"10.8.2.200","2019-03-22",139,"10.8.1.4","17:00:10",1
1553274011,"10.8.2.200","2019-03-22",196,"10.8.1.4","17:00:11",1
1553274012,"10.8.2.200","2019-03-22",186,"10.8.1.4","17:00:12",1
1553274013,"10.8.2.200","2019-03-22",196,"10.8.1.4","17:00:13",1
1553274014,"10.8.2.200","2019-03-22",167,"10.8.1.4","17:00:14",1
1553274015,"10.8.2.200","2019-03-22",174,"10.8.1.4","17:00:15",1
1553274016,"10.8.2.200","2019-03-22",160,"10.8.1.4","17:00:16",1
1553274017,"10.8.2.200","2019-03-22",132,"10.8.1.4","17:00:17",1
1553274018,"10.8.2.200","2019-03-22",217,"10.8.1.4","17:00:18",1
1553274019,"10.8.2.200","2019-03-22",155,"10.8.1.4","17:00:19",1
1553274020,"10.8.2.200","2019-03-22",149,"10.8.1.4","17:00:20",1
1553274021,"10.8.2.200","2019-03-22",158,"10.8.1.4","17:00:21",1
1553274022,"10.8.2.200","2019-03-22",158,"10.8.1.4","17:00:22",1
1553274023,"10.8.2.200","2019-03-22",174,"10.8.1.4","17:00:23",1
1553274024,"10.8.2.200","2019-03-22",172,"10.8.1.4","17:00:24",1
1553274025,"10.8.2.200","2019-03-22",153,"10.8.1.4","17:00:25",1
1553274026,"10.8.2.200","2019-03-22",180,"10.8.1.4","17:00:26",1
1553274027,"10.8.2.200","2019-03-22",192,"10.8.1.4","17:00:27",1
1553274028,"10.8.2.200","2019-03-22",181,"10.8.1.4","17:00:28",1
1553274029,"10.8.2.200","2019-03-22",172,"10.8.1.4","17:00:29",1
1553274030,"10.8.2.200","2019-03-22",170,"10.8.1.4","17:00:30",1
1553274031,"10.8.2.200","2019-03-22",175,"10.8.1.4","17:00:31",1
1553274032,"10.8.2.200","2019-03-22",168,"10.8.1.4","17:00:32",1
1553274033,"10.8.2.200","2019-03-22",185,"10.8.1.4","17:00:33",1
1553274034,"10.8.2.200","2019-03-22",139,"10.8.1.4","17:00:34",1
1553274035,"10.8.2.200","2019-03-22",182,"10.8.1.4","17:00:35",1
1553274036,"10.8.2.200","2019-03-22",176,"10.8.1.4","17:00:36",1
1553274037,"10.8.2.200","2019-03-22",183,"10.8.1.4","17:00:37",1
1553274038,"10.8.2.200","2019-03-22",196,"10.8.1.4","17:00:38",1
1553274039,"10.8.2.200","2019-03-22",217,"10.8.1.4","17:00:39",1
1553274040,"10.8.2.200","2019-03-22",204,"10.8.1.4","17:00:40",1
1553274041,"10.8.2.200","2019-03-22",202,"10.8.1.4","17:00:41",1
1553274042,"10.8.2.200","2019-03-22",189,"10.8.1.4","17:00:42",1
1553274043,"10.8.2.200","2019-03-22",183,"10.8.1.4","17:00:43",1
1553274044,"10.8.2.200","2019-03-22",164,"10.8.1.4","17:00:44",1
1553274045,"10.8.2.200","2019-03-22",169,"10.8.1.4","17:00:45",1
1553274046,"10.8.2.200","2019-03-22",166,"10.8.1.4","17:00:46",1
1553274047,"10.8.2.200","2019-03-22",187,"10.8.1.4","17:00:47",1
1553274048,"10.8.2.200","2019-03-22",183,"10.8.1.4","17:00:48",1
1553274049,"10.8.2.200","2019-03-22",183,"10.8.1.4","17:00:49",1
1553274050,"10.8.2.200","2019-03-22",155,"10.8.1.4","17:00:50",1
1553274051,,,0,,,1
1553274052,"10.8.2.200","2019-03-22",238,"10.8.1.4","17:00:52",1
1553274053,"10.8.2.200","2019-03-22",262,"10.8.1.4","17:00:53",1
1553274054,"10.8.2.200","2019-03-22",328,"10.8.1.4","17:00:54",1
1553274055,"10.8.2.200","2019-03-22",45,"10.8.1.4","17:00:55",1
1553274056,"10.8.2.200","2019-03-22",176,"10.8.1.4","17:00:56",1
1553274057,"10.8.2.200","2019-03-22",197,"10.8.1.4","17:00:57",1
1553274058,"10.8.2.200","2019-03-22",205,"10.8.1.4","17:00:58",1
1553274059,"10.8.2.200","2019-03-22",218,"10.8.1.4","17:00:59",1
1553274060,"10.8.2.200","2019-03-22",186,"10.8.1.4","17:01:00",1
1553274061,"10.8.2.200","2019-03-22",200,"10.8.1.4","17:01:01",1
1553274062,"10.8.2.200","2019-03-22",207,"10.8.1.4","17:01:02",1
1553274063,"10.8.2.200","2019-03-22",203,"10.8.1.4","17:01:03",1
1553274064,"10.8.2.200","2019-03-22",190,"10.8.1.4","17:01:04",1
1553274065,"10.8.2.200","2019-03-22",239,"10.8.1.4","17:01:05",1
1553274066,"10.8.2.200","2019-03-22",167,"10.8.1.4","17:01:06",1
1553274067,"10.8.2.200","2019-03-22",154,"10.8.1.4","17:01:07",1
1553274068,"10.8.2.200","2019-03-22",195,"10.8.1.4","17:01:08",1
1553274069,"10.8.2.200","2019-03-22",177,"10.8.1.4","17:01:09",1
1553274070,"10.8.2.200","2019-03-22",187,"10.8.1.4","17:01:10",1
1553274071,,,0,,,1
1553274072,"10.8.2.200","2019-03-22",207,"10.8.1.4","17:01:12",1
1553274073,"10.8.2.200","2019-03-22",141,"10.8.1.4","17:01:13",1
1553274074,"10.8.2.200","2019-03-22",200,"10.8.1.4","17:01:14",1
1553274075,"10.8.2.200","2019-03-22",205,"10.8.1.4","17:01:15",1
1553274076,"10.8.2.200","2019-03-22",123,"10.8.1.4","17:01:16",1
1553274077,"10.8.2.200","2019-03-22",263,"10.8.1.4","17:01:17",1
1553274078,"10.8.2.200","2019-03-22",153,"10.8.1.4","17:01:18",1
1553274079,"10.8.2.200","2019-03-22",198,"10.8.1.4","17:01:19",1
1553274080,"10.8.2.200","2019-03-22",213,"10.8.1.4","17:01:20",1
1553274081,"10.8.2.200","2019-03-22",200,"10.8.1.4","17:01:21",1
1553274082,"10.8.2.200","2019-03-22",197,"10.8.1.4","17:01:22",1
1553274083,"10.8.2.200","2019-03-22",212,"10.8.1.4","17:01:23",1
1553274084,"10.8.2.200","2019-03-22",220,"10.8.1.4","17:01:24",1
1553274085,"10.8.2.200","2019-03-22",222,"10.8.1.4","17:01:25",1
1553274086,"10.8.2.200","2019-03-22",225,"10.8.1.4","17:01:26",1
1553274087,"10.8.2.200","2019-03-22",203,"10.8.1.4","17:01:27",1
1553274088,"10.8.2.200","2019-03-22",202,"10.8.1.4","17:01:28",1
1553274089,"10.8.2.200","2019-03-22",206,"10.8.1.4","17:01:29",1
1553274090,"10.8.2.200","2019-03-22",220,"10.8.1.4","17:01:30",1
1553274091,"10.8.2.200","2019-03-22",207,"10.8.1.4","17:01:31",1
1553274092,"10.8.2.200","2019-03-22",213,"10.8.1.4","17:01:32",1
1553274093,"10.8.2.200","2019-03-22",202,"10.8.1.4","17:01:33",1
1553274094,"10.8.2.200","2019-03-22",213,"10.8.1.4","17:01:34",1
1553274095,"10.8.2.200","2019-03-22",179,"10.8.1.4","17:01:35",1
1553274096,"10.8.2.200","2019-03-22",190,"10.8.1.4","17:01:36",1
1553274097,"10.8.2.200","2019-03-22",218,"10.8.1.4","17:01:37",1
1553274098,"10.8.2.200","2019-03-22",223,"10.8.1.4","17:01:38",1
1553274099,"10.8.2.200","2019-03-22",221,"10.8.1.4","17:01:39",1
1553274100,"10.8.2.200","2019-03-22",88,"10.8.1.4","17:01:40",1
1553274101,"10.8.2.200","2019-03-22",184,"10.8.1.4","17:01:41",1
1553274102,"10.8.2.200","2019-03-22",227,"10.8.1.4","17:01:42",1
1553274103,"10.8.2.200","2019-03-22",285,"10.8.1.4","17:01:43",1
1553274104,"10.8.2.200","2019-03-22",157,"10.8.1.4","17:01:44",1
1553274105,"10.8.2.200","2019-03-22",209,"10.8.1.4","17:01:45",1
1553274106,"10.8.2.200","2019-03-22",223,"10.8.1.4","17:01:46",1
1553274107,"10.8.2.200","2019-03-22",238,"10.8.1.4","17:01:47",1
1553274108,"10.8.2.200","2019-03-22",239,"10.8.1.4","17:01:48",1
1553274109,"10.8.2.200","2019-03-22",220,"10.8.1.4","17:01:49",1
1553274110,"10.8.2.200","2019-03-22",227,"10.8.1.4","17:01:50",1
1553274111,"10.8.2.200","2019-03-22",235,"10.8.1.4","17:01:51",1
1553274112,"10.8.2.200","2019-03-22",225,"10.8.1.4","17:01:52",1
1553274113,"10.8.2.200","2019-03-22",217,"10.8.1.4","17:01:53",1
1553274114,"10.8.2.200","2019-03-22",228,"10.8.1.4","17:01:54",1
1553274115,"10.8.2.200","2019-03-22",237,"10.8.1.4","17:01:55",1
1553274116,"10.8.2.200","2019-03-22",221,"10.8.1.4","17:01:56",1
1553274117,"10.8.2.200","2019-03-22",219,"10.8.1.4","17:01:57",1
1553274118,"10.8.2.200","2019-03-22",227,"10.8.1.4","17:01:58",1
1553274119,"10.8.2.200","2019-03-22",217,"10.8.1.4","17:01:59",1
1553274120,"10.8.2.200","2019-03-22",211,"10.8.1.4","17:02:00",1
1553274121,"10.8.2.200","2019-03-22",210,"10.8.1.4","17:02:01",1
1553274122,"10.8.2.200","2019-03-22",202,"10.8.1.4","17:02:02",1
1553274123,"10.8.2.200","2019-03-22",229,"10.8.1.4","17:02:03",1
1553274124,"10.8.2.200","2019-03-22",243,"10.8.1.4","17:02:04",1
1553274125,"10.8.2.200","2019-03-22",234,"10.8.1.4","17:02:05",1
1553274126,"10.8.2.200","2019-03-22",223,"10.8.1.4","17:02:06",1
1553274127,"10.8.2.200","2019-03-22",172,"10.8.1.4","17:02:07",1
1553274128,,,0,,,1
1553274129,"10.8.2.200","2019-03-22",240,"10.8.1.4","17:02:09",1
1553274130,"10.8.2.200","2019-03-22",198,"10.8.1.4","17:02:10",1
1553274131,"10.8.2.200","2019-03-22",242,"10.8.1.4","17:02:11",1
1553274132,"10.8.2.200","2019-03-22",207,"10.8.1.4","17:02:12",1
1553274133,"10.8.2.200","2019-03-22",193,"10.8.1.4","17:02:13",1
1553274134,"10.8.2.200","2019-03-22",230,"10.8.1.4","17:02:14",1
1553274135,"10.8.2.200","2019-03-22",211,"10.8.1.4","17:02:15",1
1553274136,"10.8.2.200","2019-03-22",210,"10.8.1.4","17:02:16",1
1553274137,"10.8.2.200","2019-03-22",232,"10.8.1.4","17:02:17",1
1553274138,"10.8.2.200","2019-03-22",222,"10.8.1.4","17:02:18",1
1553274139,"10.8.2.200","2019-03-22",232,"10.8.1.4","17:02:19",1
1553274140,"10.8.2.200","2019-03-22",214,"10.8.1.4","17:02:20",1
1553274141,"10.8.2.200","2019-03-22",197,"10.8.1.4","17:02:21",1
1553274142,"10.8.2.200","2019-03-22",211,"10.8.1.4","17:02:22",1
1553274143,"10.8.2.200","2019-03-22",240,"10.8.1.4","17:02:23",1
1553274144,"10.8.2.200","2019-03-22",221,"10.8.1.4","17:02:24",1
1553274145,"10.8.2.200","2019-03-22",208,"10.8.1.4","17:02:25",1
1553274146,"10.8.2.200","2019-03-22",90,"10.8.1.4","17:02:26",1
1553274147,,,0,,,1
1553274148,,,0,,,1
1553274149,,,0,,,1
1553274150,,,0,,,1
1553274151,,,0,,,1
1553274152,,,0,,,1
1553274153,,,0,,,1
1553274154,,,0,,,1
1553274155,,,0,,,1
1553274156,,,0,,,1
1553274157,,,0,,,1
1553274158,,,0,,,1
1553274159,,,0,,,1
1553274160,,,0,,,1
1553274161,,,0,,,1
1553274162,,,0,,,1
1553274163,,,0,,,1
1553274164,,,0,,,1
1553274165,,,0,,,1
1553274166,,,0,,,1
1553274167,,,0,,,1
1553274168,,,0,,,1
1553274169,,,0,,,1
1553274170,,,0,,,1
1553274171,,,0,,,1
1553274172,,,0,,,1
1553274173,,,0,,,1
1553274174,,,0,,,1
1553274175,,,0,,,1
1553274176,,,0,,,1
1553274177,,,0,,,1
1553274178,,,0,,,1
1553274179,,,0,,,1
1553274180,,,0,,,1
1553274181,,,0,,,1
1553274182,,,0,,,1
1553274183,,,0,,,1
1553274184,,,0,,,1
1553274185,,,0,,,1
1553274186,,,0,,,1
1553274187,,,0,,,1
1553274188,,,0,,,1
1553274189,,,0,,,1
1553274190,,,0,,,1
1553274191,,,0,,,1
1553274192,,,0,,,1
1553274193,,,0,,,1
1553274194,,,0,,,1
1553274195,,,0,,,1
1553274196,,,0,,,1
1553274197,,,0,,,1
1553274198,,,0,,,1
1553274199,,,0,,,1
1553274200,,,0,,,1
1553274201,,,0,,,1
1553274202,,,0,,,1
1553274203,,,0,,,1
1553274204,,,0,,,1
1553274205,,,0,,,1
1553274206,,,0,,,1
1553274207,,,0,,,1
1553274208,,,0,,,1
1553274209,,,0,,,1
1553274210,,,0,,,1
1553274211,,,0,,,1
1553274212,,,0,,,1
1553274213,,,0,,,1
1553274214,,,0,,,1
1553274215,,,0,,,1
1553274216,,,0,,,1
1553274217,,,0,,,1
1553274218,,,0,,,1
1553274219,,,0,,,1
1553274220,,,0,,,1
1553274221,,,0,,,1
1553274222,,,0,,,1
1553274223,,,0,,,1
1553274224,,,0,,,1
1553274225,,,0,,,1
1553274226,,,0,,,1
1553274227,,,0,,,1
1553274228,,,0,,,1
1553274229,,,0,,,1
1553274230,,,0,,,1
1553274231,,,0,,,1
1553274232,,,0,,,1
1553274233,,,0,,,1
1553274234,,,0,,,1
1553274235,,,0,,,1
1553274236,,,0,,,1
1553274237,,,0,,,1
1553274238,,,0,,,1
1553274239,,,0,,,1
1553274240,,,0,,,1
1553274241,,,0,,,1
1553274242,,,0,,,1
1553274243,,,0,,,1
1553274244,,,0,,,1
1553274245,,,0,,,1
1553274246,,,0,,,1
1553274247,,,0,,,1
1553274248,,,0,,,1
1553274249,,,0,,,1
1553274250,,,0,,,1
1553274251,,,0,,,1
1553274252,,,0,,,1
1553274253,,,0,,,1
1553274254,,,0,,,1
1553274255,,,0,,,1
1553274256,,,0,,,1
1553274257,,,0,,,1
1553274258,,,0,,,1
1553274259,,,0,,,1
1553274260,,,0,,,1
1553274261,,,0,,,1
1553274262,,,0,,,1
1553274263,,,0,,,1
1553274264,,,0,,,1
1553274265,,,0,,,1
1553274266,,,0,,,1
1553274267,,,0,,,1
1553274268,,,0,,,1
1553274269,,,0,,,1
1553274270,,,0,,,1
1553274271,,,0,,,1
1553274272,,,0,,,1
1553274273,,,0,,,1
1553274274,,,0,,,1
1553274275,,,0,,,1
1553274276,,,0,,,1
1553274277,,,0,,,1
1553274278,,,0,,,1
1553274279,,,0,,,1
1553274280,,,0,,,1
1553274281,,,0,,,1
1553274282,,,0,,,1
1553274283,,,0,,,1
1553274284,,,0,,,1
1553274285,,,0,,,1
1553274286,,,0,,,1
1553274287,,,0,,,1
1553274288,,,0,,,1
1553274289,,,0,,,1
1553274290,,,0,,,1
1553274291,,,0,,,1
1553274292,,,0,,,1
1553274293,,,0,,,1
1553274294,,,0,,,1
1553274295,,,0,,,1
1553274296,,,0,,,1
1553274297,,,0,,,1
1553274298,,,0,,,1
1553274299,,,0,,,1
1553274300,,,0,,,1
1553274301,,,0,,,1
1553274302,,,0,,,1
1553274303,,,0,,,1
1553274304,,,0,,,1
1553274305,,,0,,,1
1553274306,,,0,,,1
1553274307,,,0,,,1
1553274308,,,0,,,1
1553274309,,,0,,,1
1553274310,,,0,,,1
1553274311,,,0,,,1
1553274312,,,0,,,1
1553274313,,,0,,,1
1553274314,,,0,,,1
1553274315,,,0,,,1
1553274316,,,0,,,1
1553274317,,,0,,,1
1553274318,,,0,,,1
1553274319,,,0,,,1
1553274320,,,0,,,1
1553274321,,,0,,,1
1553274322,,,0,,,1
1553274323,,,0,,,1
1553274324,,,0,,,1
1553274325,,,0,,,1
1553274326,,,0,,,1
1553274327,,,0,,,1
1553274328,,,0,,,1
1553274329,,,0,,,1
1553274330,,,0,,,1
1553274331,,,0,,,1
1553274332,,,0,,,1
1553274333,,,0,,,1
1553274334,,,0,,,1
1553274335,,,0,,,1
1553274336,,,0,,,1
1553274337,,,0,,,1
1553274338,,,0,,,1
1553274339,,,0,,,1
1553274340,,,0,,,1
1553274341,,,0,,,1
1553274342,,,0,,,1
1553274343,,,0,,,1
1553274344,,,0,,,1
1553274345,,,0,,,1
1553274346,,,0,,,1
1553274347,,,0,,,1
1553274348,,,0,,,1
1553274349,,,0,,,1
1553274350,,,0,,,1
1553274351,,,0,,,1
1553274352,,,0,,,1
1553274353,,,0,,,1
1553274354,,,0,,,1
1553274355,,,0,,,1
1553274356,,,0,,,1
1553274357,,,0,,,1
1553274358,,,0,,,1
1553274359,,,0,,,1
1553274360,,,0,,,1
1553274361,,,0,,,1
1553274362,,,0,,,1
1553274363,,,0,,,1
1553274364,,,0,,,1
1553274365,,,0,,,1
1553274366,,,0,,,1
1553274367,,,0,,,1
1553274368,,,0,,,1
1553274369,,,0,,,1
1553274370,,,0,,,1
1553274371,,,0,,,1
1553274372,,,0,,,1
1553274373,,,0,,,1
1553274374,,,0,,,1
1553274375,,,0,,,1
1553274376,,,0,,,1
1553274377,,,0,,,1
1553274378,,,0,,,1
1553274379,,,0,,,1
1553274380,,,0,,,1
1553274381,,,0,,,1
1553274382,,,0,,,1
1553274383,,,0,,,1
1553274384,,,0,,,1
1553274385,,,0,,,1
1553274386,,,0,,,1
1553274387,,,0,,,1
1553274388,,,0,,,1
1553274389,,,0,,,1
1553274390,,,0,,,1
1553274391,,,0,,,1
1553274392,,,0,,,1
1553274393,,,0,,,1
1553274394,,,0,,,1
1553274395,,,0,,,1
1553274396,,,0,,,1
1553274397,,,0,,,1
1553274398,,,0,,,1
1553274399,,,0,,,1
1553274400,,,0,,,1
1553274401,,,0,,,1
1553274402,,,0,,,1
1553274403,,,0,,,1
1553274404,,,0,,,1
1553274405,,,0,,,1
1553274406,,,0,,,1
1553274407,,,0,,,1
1553274408,,,0,,,1
1553274409,,,0,,,1
1553274410,,,0,,,1
1553274411,,,0,,,1
1553274412,,,0,,,1
1553274413,,,0,,,1
1553274414,,,0,,,1
1553274415,,,0,,,1
1553274416,,,0,,,1
1553274417,,,0,,,1
1553274418,,,0,,,1
1553274419,,,0,,,1
1553274420,,,0,,,1
1553274421,,,0,,,1
1553274422,,,0,,,1
1553274423,,,0,,,1
1553274424,,,0,,,1
1553274425,,,0,,,1
1553274426,,,0,,,1
1553274427,,,0,,,1
1553274428,,,0,,,1
1553274429,,,0,,,1
1553274430,,,0,,,1
1553274431,,,0,,,1
1553274432,,,0,,,1
1553274433,,,0,,,1
1553274434,,,0,,,1
1553274435,,,0,,,1
1553274436,,,0,,,1
1553274437,,,0,,,1
1553274438,,,0,,,1
1553274439,,,0,,,1
1553274440,,,0,,,1
1553274441,,,0,,,1
1553274442,,,0,,,1
1553274443,,,0,,,1
1553274444,,,0,,,1
1553274445,,,0,,,1
1553274446,,,0,,,1
1553274447,,,0,,,1
1553274448,,,0,,,1
1553274449,,,0,,,1
1553274450,,,0,,,1
1553274451,,,0,,,1
1553274452,,,0,,,1
1553274453,,,0,,,1
1553274454,,,0,,,1
1553274455,,,0,,,1
1553274456,,,0,,,1
1553274457,,,0,,,1
1553274458,,,0,,,1
1553274459,,,0,,,1
1553274460,,,0,,,1
1553274461,,,0,,,1
1553274462,,,0,,,1
1553274463,,,0,,,1
1553274464,,,0,,,1
1553274465,,,0,,,1
1553274466,,,0,,,1
1553274467,,,0,,,1
1553274468,,,0,,,1
1553274469,,,0,,,1
1553274470,,,0,,,1
1553274471,,,0,,,1
1553274472,,,0,,,1
1553274473,,,0,,,1
1553274474,,,0,,,1
1553274475,,,0,,,1
1553274476,,,0,,,1
1553274477,,,0,,,1
1553274478,,,0,,,1
1553274479,,,0,,,1
1553274480,,,0,,,1
1553274481,,,0,,,1
1553274482,,,0,,,1
1553274483,,,0,,,1
1553274484,,,0,,,1
1553274485,,,0,,,1
1553274486,,,0,,,1
1553274487,,,0,,,1
1553274488,,,0,,,1
1553274489,,,0,,,1
1553274490,,,0,,,1
1553274491,,,0,,,1
1553274492,,,0,,,1
1553274493,,,0,,,1
1553274494,,,0,,,1
1553274495,,,0,,,1
1553274496,,,0,,,1
1553274497,,,0,,,1
1553274498,,,0,,,1
1553274499,,,0,,,1
1553274500,,,0,,,1
1553274501,,,0,,,1
1553274502,,,0,,,1
1553274503,,,0,,,1
1553274504,,,0,,,1
1553274505,,,0,,,1
1553274506,,,0,,,1
1553274507,,,0,,,1
1553274508,,,0,,,1
1553274509,,,0,,,1
1553274510,,,0,,,1
1553274511,,,0,,,1
1553274512,,,0,,,1
1553274513,,,0,,,1
1553274514,,,0,,,1
1553274515,,,0,,,1
1553274516,,,0,,,1
1553274517,,,0,,,1
1553274518,,,0,,,1
1553274519,,,0,,,1
1553274520,,,0,,,1
1553274521,,,0,,,1
1553274522,,,0,,,1
1553274523,,,0,,,1
1553274524,,,0,,,1
1553274525,,,0,,,1
1553274526,,,0,,,1
1553274527,,,0,,,1
1553274528,,,0,,,1
1553274529,,,0,,,1
1553274530,,,0,,,1
1553274531,,,0,,,1
1553274532,,,0,,,1
1553274533,,,0,,,1
1553274534,,,0,,,1
1553274535,,,0,,,1
1553274536,,,0,,,1
1553274537,,,0,,,1
1553274538,,,0,,,1
1553274539,,,0,,,1
1553274540,,,0,,,1
1553274541,,,0,,,1
1553274542,,,0,,,1
1553274543,,,0,,,1
1553274544,,,0,,,1
1553274545,,,0,,,1
1553274546,,,0,,,1
1553274547,,,0,,,1
1553274548,,,0,,,1
1553274549,,,0,,,1
1553274550,,,0,,,1
1553274551,,,0,,,1
1553274552,,,0,,,1
1553274553,,,0,,,1
1553274554,,,0,,,1
1553274555,,,0,,,1
1553274556,,,0,,,1
1553274557,,,0,,,1
1553274558,,,0,,,1
1553274559,,,0,,,1
1553274560,,,0,,,1
1553274561,,,0,,,1
1553274562,,,0,,,1
1553274563,,,0,,,1
1553274564,,,0,,,1
1553274565,,,0,,,1
1553274566,,,0,,,1
1553274567,,,0,,,1
1553274568,,,0,,,1
1553274569,,,0,,,1
1553274570,,,0,,,1
1553274571,,,0,,,1
1553274572,,,0,,,1
1553274573,,,0,,,1
1553274574,,,0,,,1
1553274575,,,0,,,1
1553274576,,,0,,,1
1553274577,,,0,,,1
1553274578,,,0,,,1
1553274579,,,0,,,1
1553274580,,,0,,,1
1553274581,,,0,,,1
1553274582,,,0,,,1
1553274583,,,0,,,1
1553274584,,,0,,,1
1553274585,,,0,,,1
1553274586,,,0,,,1
1553274587,,,0,,,1
1553274588,,,0,,,1
1553274589,,,0,,,1
1553274590,,,0,,,1
1553274591,,,0,,,1
1553274592,,,0,,,1
1553274593,,,0,,,1
1553274594,,,0,,,1
1553274595,,,0,,,1
1553274596,,,0,,,1
1553274597,,,0,,,1
1553274598,,,0,,,1
1553274599,,,0,,,1
1553274600,,,0,,,1
1553274601,,,0,,,1
1553274602,,,0,,,1
1553274603,,,0,,,1
1553274604,,,0,,,1
1553274605,,,0,,,1
1553274606,,,0,,,1
1553274607,,,0,,,1
1553274608,,,0,,,1
1553274609,,,0,,,1
1553274610,,,0,,,1
1553274611,,,0,,,1
1553274612,,,0,,,1
1553274613,,,0,,,1
1553274614,,,0,,,1
1553274615,,,0,,,1
1553274616,,,0,,,1
1553274617,,,0,,,1
1553274618,,,0,,,1
1553274619,,,0,,,1
1553274620,,,0,,,1
1553274621,,,0,,,1
1553274622,,,0,,,1
1553274623,,,0,,,1
1553274624,,,0,,,1
1553274625,,,0,,,1
1553274626,,,0,,,1
1553274627,,,0,,,1
1553274628,,,0,,,1
1553274629,,,0,,,1
1553274630,,,0,,,1
1553274631,,,0,,,1
1553274632,,,0,,,1
1553274633,,,0,,,1
1553274634,,,0,,,1
1553274635,,,0,,,1
1553274636,,,0,,,1
1553274637,,,0,,,1
1553274638,,,0,,,1
1553274639,,,0,,,1
1553274640,,,0,,,1
1553274641,,,0,,,1
1553274642,,,0,,,1
1553274643,,,0,,,1
1553274644,,,0,,,1
1553274645,,,0,,,1
1553274646,,,0,,,1
1553274647,,,0,,,1
1553274648,,,0,,,1
1553274649,,,0,,,1
1553274650,,,0,,,1
1553274651,,,0,,,1
1553274652,,,0,,,1
1553274653,,,0,,,1
1553274654,,,0,,,1
1553274655,,,0,,,1
1553274656,,,0,,,1
1553274657,,,0,,,1
1553274658,,,0,,,1
1553274659,,,0,,,1
1553274660,,,0,,,1
1553274661,,,0,,,1
1553274662,,,0,,,1
1553274663,,,0,,,1
1553274664,,,0,,,1
1553274665,,,0,,,1
1553274666,,,0,,,1
1553274667,,,0,,,1
1553274668,,,0,,,1
1553274669,,,0,,,1
1553274670,,,0,,,1
1553274671,,,0,,,1
1553274672,,,0,,,1
1553274673,,,0,,,1
1553274674,,,0,,,1
1553274675,,,0,,,1
1553274676,,,0,,,1
1553274677,,,0,,,1
1553274678,,,0,,,1
1553274679,,,0,,,1
1553274680,,,0,,,1
1553274681,,,0,,,1
1553274682,,,0,,,1
1553274683,,,0,,,1
1553274684,,,0,,,1
1553274685,,,0,,,1
1553274686,,,0,,,1
1553274687,,,0,,,1
1553274688,,,0,,,1
1553274689,,,0,,,1
1553274690,,,0,,,1
1553274691,,,0,,,1
1553274692,,,0,,,1
1553274693,,,0,,,1
1553274694,,,0,,,1
1553274695,,,0,,,1
1553274696,,,0,,,1
1553274697,,,0,,,1
1553274698,,,0,,,1
1553274699,,,0,,,1
1553274700,,,0,,,1
1553274701,,,0,,,1
1553274702,,,0,,,1
1553274703,,,0,,,1
1553274704,,,0,,,1
1553274705,,,0,,,1
1553274706,,,0,,,1
1553274707,,,0,,,1
1553274708,,,0,,,1
1553274709,,,0,,,1
1553274710,,,0,,,1
1553274711,,,0,,,1
1553274712,,,0,,,1
1553274713,,,0,,,1
1553274714,,,0,,,1
1553274715,,,0,,,1
1553274716,,,0,,,1
1553274717,,,0,,,1
1553274718,,,0,,,1
1553274719,,,0,,,1
1553274720,,,0,,,1
1553274721,,,0,,,1
1553274722,,,0,,,1
1553274723,,,0,,,1
1553274724,,,0,,,1
1553274725,,,0,,,1
1553274726,,,0,,,1
1553274727,,,0,,,1
1553274728,,,0,,,1
1553274729,,,0,,,1
1553274730,,,0,,,1
1553274731,,,0,,,1
1553274732,,,0,,,1
1553274733,,,0,,,1
1553274734,,,0,,,1
1553274735,,,0,,,1
1553274736,,,0,,,1
1553274737,,,0,,,1
1553274738,,,0,,,1
1553274739,,,0,,,1
1553274740,,,0,,,1
1553274741,,,0,,,1
1553274742,,,0,,,1
1553274743,,,0,,,1
1553274744,,,0,,,1
1553274745,,,0,,,1
1553274746,,,0,,,1
1553274747,,,0,,,1
1553274748,,,0,,,1
1553274749,,,0,,,1
1553274750,,,0,,,1
1553274751,,,0,,,1
1553274752,,,0,,,1
1553274753,,,0,,,1
1553274754,,,0,,,1
1553274755,,,0,,,1
1553274756,,,0,,,1
1553274757,,,0,,,1
1553274758,,,0,,,1
1553274759,,,0,,,1
1553274760,,,0,,,1
1553274761,,,0,,,1
1553274762,,,0,,,1
1553274763,,,0,,,1
1553274764,,,0,,,1
1553274765,,,0,,,1
1553274766,,,0,,,1
1553274767,,,0,,,1
1553274768,,,0,,,1
1553274769,,,0,,,1
1553274770,,,0,,,1
1553274771,,,0,,,1
1553274772,,,0,,,1
1553274773,,,0,,,1
1553274774,,,0,,,1
1553274775,,,0,,,1
1553274776,,,0,,,1
1553274777,,,0,,,1
1553274778,,,0,,,1
1553274779,,,0,,,1
1553274780,,,0,,,1
1553274781,,,0,,,1
1553274782,,,0,,,1
1553274783,,,0,,,1
1553274784,,,0,,,1
1553274785,,,0,,,1
1553274786,,,0,,,1
1553274787,,,0,,,1
1553274788,,,0,,,1
1553274789,,,0,,,1
1553274790,,,0,,,1
1553274791,,,0,,,1
1553274792,,,0,,,1
1553274793,,,0,,,1
1553274794,,,0,,,1
1553274795,,,0,,,1
1553274796,,,0,,,1
1553274797,,,0,,,1
1553274798,,,0,,,1
1553274799,,,0,,,1
1553274800,,,0,,,1
1553274801,,,0,,,1
1553274802,,,0,,,1
1553274803,,,0,,,1
1553274804,,,0,,,1
1553274805,,,0,,,1
1553274806,,,0,,,1
1553274807,,,0,,,1
1553274808,,,0,,,1
1553274809,,,0,,,1
1553274810,,,0,,,1
1553274811,,,0,,,1
1553274812,,,0,,,1
1553274813,,,0,,,1
1553274814,,,0,,,1
1553274815,,,0,,,1
1553274816,,,0,,,1
1553274817,,,0,,,1
1553274818,,,0,,,1
1553274819,,,0,,,1
1553274820,,,0,,,1
1553274821,,,0,,,1
1553274822,,,0,,,1
1553274823,,,0,,,1
1553274824,,,0,,,1
1553274825,,,0,,,1
1553274826,,,0,,,1
1553274827,,,0,,,1
1553274828,,,0,,,1
1553274829,,,0,,,1
1553274830,,,0,,,1
1553274831,,,0,,,1
1553274832,,,0,,,1
1553274833,,,0,,,1
1553274834,,,0,,,1
1553274835,,,0,,,1
1553274836,,,0,,,1
1553274837,,,0,,,1
1553274838,,,0,,,1
1553274839,,,0,,,1
1553274840,,,0,,,1
1553274841,,,0,,,1
1553274842,,,0,,,1
1553274843,,,0,,,1
1553274844,,,0,,,1
1553274845,,,0,,,1
1553274846,,,0,,,1
1553274847,,,0,,,1
1553274848,,,0,,,1
1553274849,,,0,,,1
1553274850,,,0,,,1
1553274851,,,0,,,1
1553274852,,,0,,,1
1553274853,,,0,,,1
1553274854,,,0,,,1
1553274855,,,0,,,1
1553274856,,,0,,,1
1553274857,,,0,,,1
1553274858,,,0,,,1
1553274859,,,0,,,1
1553274860,,,0,,,1
1553274861,,,0,,,1
1553274862,,,0,,,1
1553274863,,,0,,,1
1553274864,,,0,,,1
1553274865,,,0,,,1
1553274866,,,0,,,1
1553274867,,,0,,,1
1553274868,,,0,,,1
1553274869,,,0,,,1
1553274870,,,0,,,1
1553274871,,,0,,,1
1553274872,,,0,,,1
1553274873,,,0,,,1
1553274874,,,0,,,1
1553274875,,,0,,,1
1553274876,,,0,,,1
1553274877,,,0,,,1
1553274878,,,0,,,1
1553274879,,,0,,,1
1553274880,,,0,,,1
1553274881,,,0,,,1
1553274882,,,0,,,1
1553274883,,,0,,,1
1553274884,,,0,,,1
1553274885,,,0,,,1
1553274886,,,0,,,1
1553274887,,,0,,,1
1553274888,,,0,,,1
1553274889,,,0,,,1
1553274890,,,0,,,1
1553274891,,,0,,,1
1553274892,,,0,,,1
1553274893,,,0,,,1
1553274894,,,0,,,1
1553274895,,,0,,,1
1553274896,,,0,,,1
1553274897,,,0,,,1
1553274898,,,0,,,1
1553274899,,,0,,,1
1553274900,,,0,,,1
1553274901,,,0,,,1
1553274902,,,0,,,1
1553274903,,,0,,,1
1553274904,,,0,,,1
1553274905,,,0,,,1
1553274906,,,0,,,1
1553274907,,,0,,,1
1553274908,,,0,,,1
1553274909,,,0,,,1
1553274910,,,0,,,1
1553274911,,,0,,,1
1553274912,,,0,,,1
1553274913,,,0,,,1
1553274914,,,0,,,1
1553274915,,,0,,,1
1553274916,,,0,,,1
1553274917,,,0,,,1
1553274918,,,0,,,1
1553274919,,,0,,,1
1553274920,,,0,,,1
1553274921,,,0,,,1
1553274922,,,0,,,1
1553274923,,,0,,,1
1553274924,,,0,,,1
1553274925,,,0,,,1
1553274926,,,0,,,1
1553274927,,,0,,,1
1553274928,,,0,,,1
1553274929,,,0,,,1
1553274930,,,0,,,1
1553274931,,,0,,,1
1553274932,,,0,,,1
1553274933,,,0,,,1
1553274934,,,0,,,1
1553274935,,,0,,,1
1553274936,,,0,,,1
1553274937,,,0,,,1
1553274938,,,0,,,1
1553274939,,,0,,,1
1553274940,,,0,,,1
1553274941,,,0,,,1
1553274942,,,0,,,1
1553274943,,,0,,,1
1553274944,,,0,,,1
1553274945,,,0,,,1
1553274946,,,0,,,1
1553274947,,,0,,,1
1553274948,,,0,,,1
1553274949,,,0,,,1
1553274950,,,0,,,1
1553274951,,,0,,,1
1553274952,,,0,,,1
1553274953,,,0,,,1
1553274954,,,0,,,1
1553274955,,,0,,,1
1553274956,,,0,,,1
1553274957,,,0,,,1
1553274958,,,0,,,1
1553274959,,,0,,,1
1553274960,,,0,,,1
1553274961,,,0,,,1
1553274962,,,0,,,1
1553274963,,,0,,,1
1553274964,,,0,,,1
1553274965,,,0,,,1
1553274966,,,0,,,1
1553274967,,,0,,,1
1553274968,,,0,,,1
1553274969,,,0,,,1
1553274970,,,0,,,1
1553274971,,,0,,,1
1553274972,,,0,,,1
1553274973,,,0,,,1
1553274974,,,0,,,1
1553274975,,,0,,,1
1553274976,,,0,,,1
1553274977,,,0,,,1
1553274978,,,0,,,1
1553274979,,,0,,,1
1553274980,,,0,,,1
1553274981,,,0,,,1
1553274982,,,0,,,1
1553274983,,,0,,,1
1553274984,,,0,,,1
1553274985,,,0,,,1
1553274986,,,0,,,1
1553274987,,,0,,,1
1553274988,,,0,,,1
1553274989,,,0,,,1
1553274990,,,0,,,1
1553274991,,,0,,,1
1553274992,,,0,,,1
1553274993,,,0,,,1
1553274994,,,0,,,1
1553274995,,,0,,,1
1553274996,,,0,,,1
1553274997,,,0,,,1
1553274998,,,0,,,1
1553274999,,,0,,,1
1553275000,,,0,,,1
1553275001,,,0,,,1
1553275002,,,0,,,1
1553275003,,,0,,,1
1553275004,,,0,,,1
1553275005,,,0,,,1
1553275006,,,0,,,1
1553275007,,,0,,,1
1553275008,,,0,,,1
1553275009,,,0,,,1
1553275010,,,0,,,1
1553275011,,,0,,,1
1553275012,,,0,,,1
1553275013,,,0,,,1
1553275014,,,0,,,1
1553275015,,,0,,,1
1553275016,,,0,,,1
1553275017,,,0,,,1
1553275018,,,0,,,1
1553275019,,,0,,,1
1553275020,,,0,,,1
1553275021,,,0,,,1
1553275022,,,0,,,1
1553275023,,,0,,,1
1553275024,,,0,,,1
1553275025,,,0,,,1
1553275026,,,0,,,1
1553275027,,,0,,,1
1553275028,,,0,,,1
1553275029,,,0,,,1
1553275030,,,0,,,1
1553275031,,,0,,,1
1553275032,,,0,,,1
1553275033,,,0,,,1
1553275034,,,0,,,1
1553275035,,,0,,,1
1553275036,,,0,,,1
1553275037,,,0,,,1
1553275038,,,0,,,1
1553275039,,,0,,,1
1553275040,,,0,,,1
1553275041,,,0,,,1
1553275042,,,0,,,1
1553275043,,,0,,,1
1553275044,,,0,,,1
1553275045,,,0,,,1
1553275046,,,0,,,1
1553275047,,,0,,,1
1553275048,,,0,,,1
1553275049,,,0,,,1
1553275050,,,0,,,1
1553275051,,,0,,,1
1553275052,,,0,,,1
1553275053,,,0,,,1
1553275054,,,0,,,1
1553275055,,,0,,,1
1553275056,,,0,,,1
1553275057,,,0,,,1
1553275058,,,0,,,1
1553275059,,,0,,,1
1553275060,,,0,,,1
1553275061,,,0,,,1
1553275062,,,0,,,1
1553275063,,,0,,,1
1553275064,,,0,,,1
1553275065,,,0,,,1
1553275066,,,0,,,1
1553275067,,,0,,,1
1553275068,,,0,,,1
1553275069,,,0,,,1
1553275070,,,0,,,1
1553275071,,,0,,,1
1553275072,,,0,,,1
1553275073,,,0,,,1
1553275074,,,0,,,1
1553275075,,,0,,,1
1553275076,,,0,,,1
1553275077,,,0,,,1
1553275078,,,0,,,1
1553275079,,,0,,,1
1553275080,,,0,,,1
1553275081,,,0,,,1
1553275082,,,0,,,1
1553275083,,,0,,,1
1553275084,,,0,,,1
1553275085,,,0,,,1
1553275086,,,0,,,1
1553275087,,,0,,,1
1553275088,,,0,,,1
1553275089,,,0,,,1
1553275090,,,0,,,1
1553275091,,,0,,,1
1553275092,,,0,,,1
1553275093,,,0,,,1
1553275094,,,0,,,1
1553275095,,,0,,,1
1553275096,,,0,,,1
1553275097,,,0,,,1
1553275098,,,0,,,1
1553275099,,,0,,,1
1553275100,,,0,,,1
1553275101,,,0,,,1
1553275102,,,0,,,1
1553275103,,,0,,,1
1553275104,,,0,,,1
1553275105,,,0,,,1
1553275106,,,0,,,1
1553275107,,,0,,,1
1553275108,,,0,,,1
1553275109,,,0,,,1
1553275110,,,0,,,1
1553275111,,,0,,,1
1553275112,,,0,,,1
1553275113,,,0,,,1
1553275114,,,0,,,1
1553275115,,,0,,,1
1553275116,,,0,,,1
1553275117,,,0,,,1
1553275118,,,0,,,1
1553275119,,,0,,,1
1553275120,,,0,,,1
1553275121,,,0,,,1
1553275122,,,0,,,1
1553275123,,,0,,,1
1553275124,,,0,,,1
1553275125,,,0,,,1
1553275126,,,0,,,1
1553275127,,,0,,,1
1553275128,,,0,,,1
1553275129,,,0,,,1
1553275130,,,0,,,1
1553275131,,,0,,,1
1553275132,,,0,,,1
1553275133,,,0,,,1
1553275134,,,0,,,1
1553275135,,,0,,,1
1553275136,,,0,,,1
1553275137,,,0,,,1
1553275138,,,0,,,1
1553275139,,,0,,,1
1553275140,,,0,,,1
1553275141,,,0,,,1
1553275142,,,0,,,1
1553275143,,,0,,,1
1553275144,,,0,,,1
1553275145,,,0,,,1
1553275146,,,0,,,1
1553275147,,,0,,,1
1553275148,,,0,,,1
1553275149,,,0,,,1
1553275150,,,0,,,1
1553275151,,,0,,,1
1553275152,,,0,,,1
1553275153,,,0,,,1
1553275154,,,0,,,1
1553275155,,,0,,,1
1553275156,,,0,,,1
1553275157,,,0,,,1
1553275158,,,0,,,1
1553275159,,,0,,,1
1553275160,,,0,,,1
1553275161,,,0,,,1
1553275162,,,0,,,1
1553275163,,,0,,,1
1553275164,,,0,,,1
1553275165,,,0,,,1
1553275166,,,0,,,1
1553275167,,,0,,,1
1553275168,,,0,,,1
1553275169,,,0,,,1
1553275170,,,0,,,1
1553275171,,,0,,,1
1553275172,,,0,,,1
1553275173,,,0,,,1
1553275174,,,0,,,1
1553275175,,,0,,,1
1553275176,,,0,,,1
1553275177,,,0,,,1
1553275178,,,0,,,1
1553275179,,,0,,,1
1553275180,,,0,,,1
1553275181,,,0,,,1
1553275182,,,0,,,1
1553275183,,,0,,,1
1553275184,,,0,,,1
1553275185,,,0,,,1
1553275186,,,0,,,1
1553275187,,,0,,,1
1553275188,,,0,,,1
1553275189,,,0,,,1
1553275190,,,0,,,1
1553275191,,,0,,,1
1553275192,,,0,,,1
1553275193,,,0,,,1
1553275194,,,0,,,1
1553275195,,,0,,,1
1553275196,,,0,,,1
1553275197,,,0,,,1
1553275198,,,0,,,1
1553275199,,,0,,,1
1553275200,,,0,,,1
1553275201,,,0,,,1
1553275202,,,0,,,1
1553275203,,,0,,,1
1553275204,,,0,,,1
1553275205,,,0,,,1
1553275206,,,0,,,1
1553275207,,,0,,,1
1553275208,,,0,,,1
1553275209,,,0,,,1
1553275210,,,0,,,1
1553275211,,,0,,,1
1553275212,,,0,,,1
1553275213,,,0,,,1
1553275214,,,0,,,1
1553275215,,,0,,,1
1553275216,,,0,,,1
1553275217,,,0,,,1
1553275218,,,0,,,1
1553275219,,,0,,,1
1553275220,,,0,,,1
1553275221,,,0,,,1
1553275222,,,0,,,1
1553275223,,,0,,,1
1553275224,,,0,,,1
1553275225,,,0,,,1
1553275226,,,0,,,1
1553275227,,,0,,,1
1553275228,,,0,,,1
1553275229,,,0,,,1
1553275230,,,0,,,1
1553275231,,,0,,,1
1553275232,,,0,,,1
1553275233,,,0,,,1
1553275234,,,0,,,1
1553275235,,,0,,,1
1553275236,,,0,,,1
1553275237,,,0,,,1
1553275238,,,0,,,1
1553275239,,,0,,,1
1553275240,,,0,,,1
1553275241,,,0,,,1
1553275242,,,0,,,1
1553275243,,,0,,,1
1553275244,,,0,,,1
1553275245,,,0,,,1
1553275246,,,0,,,1
1553275247,,,0,,,1
1553275248,,,0,,,1
1553275249,,,0,,,1
1553275250,,,0,,,1
1553275251,,,0,,,1
1553275252,,,0,,,1
1553275253,,,0,,,1
1553275254,,,0,,,1
1553275255,,,0,,,1
1553275256,,,0,,,1
1553275257,,,0,,,1
1553275258,,,0,,,1
1553275259,,,0,,,1
1553275260,,,0,,,1
1553275261,,,0,,,1
1553275262,,,0,,,1
1553275263,,,0,,,1
1553275264,,,0,,,1
1553275265,,,0,,,1
1553275266,,,0,,,1
1553275267,,,0,,,1
1553275268,,,0,,,1
1553275269,,,0,,,1
1553275270,,,0,,,1
1553275271,,,0,,,1
1553275272,,,0,,,1
1553275273,,,0,,,1
1553275274,,,0,,,1
1553275275,,,0,,,1
1553275276,,,0,,,1
1553275277,,,0,,,1
1553275278,,,0,,,1
1553275279,,,0,,,1
1553275280,,,0,,,1
1553275281,,,0,,,1
1553275282,,,0,,,1
1553275283,,,0,,,1
1553275284,,,0,,,1
1553275285,,,0,,,1
1553275286,,,0,,,1
1553275287,,,0,,,1
1553275288,,,0,,,1
1553275289,,,0,,,1
1553275290,,,0,,,1
1553275291,,,0,,,1
1553275292,,,0,,,1
1553275293,,,0,,,1
1553275294,,,0,,,1
1553275295,,,0,,,1
1553275296,,,0,,,1
1553275297,,,0,,,1
1553275298,,,0,,,1
1553275299,,,0,,,1
1553275300,,,0,,,1
1553275301,,,0,,,1
1553275302,,,0,,,1
1553275303,,,0,,,1
1553275304,,,0,,,1
1553275305,,,0,,,1
1553275306,,,0,,,1
1553275307,,,0,,,1
1553275308,,,0,,,1
1553275309,,,0,,,1
1553275310,,,0,,,1
1553275311,,,0,,,1
1553275312,,,0,,,1
1553275313,,,0,,,1
1553275314,,,0,,,1
1553275315,,,0,,,1
1553275316,,,0,,,1
1553275317,,,0,,,1
1553275318,,,0,,,1
1553275319,,,0,,,1
1553275320,,,0,,,1
1553275321,,,0,,,1
1553275322,,,0,,,1
1553275323,,,0,,,1
1553275324,,,0,,,1
1553275325,,,0,,,1
1553275326,,,0,,,1
1553275327,,,0,,,1
1553275328,,,0,,,1
1553275329,,,0,,,1
1553275330,,,0,,,1
1553275331,,,0,,,1
1553275332,,,0,,,1
1553275333,,,0,,,1
1553275334,,,0,,,1
1553275335,,,0,,,1
1553275336,,,0,,,1
1553275337,,,0,,,1
1553275338,,,0,,,1
1553275339,,,0,,,1
1553275340,,,0,,,1
1553275341,,,0,,,1
1553275342,,,0,,,1
1553275343,,,0,,,1
1553275344,,,0,,,1
1553275345,,,0,,,1
1553275346,,,0,,,1
1553275347,,,0,,,1
1553275348,,,0,,,1
1553275349,,,0,,,1
1553275350,,,0,,,1
1553275351,,,0,,,1
1553275352,,,0,,,1
1553275353,,,0,,,1
1553275354,,,0,,,1
1553275355,,,0,,,1
1553275356,,,0,,,1
1553275357,,,0,,,1
1553275358,,,0,,,1
1553275359,,,0,,,1
1553275360,,,0,,,1
1553275361,,,0,,,1
1553275362,,,0,,,1
1553275363,,,0,,,1
1553275364,,,0,,,1
1553275365,,,0,,,1
1553275366,,,0,,,1
1553275367,,,0,,,1
1553275368,,,0,,,1
1553275369,,,0,,,1
1553275370,,,0,,,1
1553275371,,,0,,,1
1553275372,,,0,,,1
1553275373,,,0,,,1
1553275374,,,0,,,1
1553275375,,,0,,,1
1553275376,,,0,,,1
1553275377,,,0,,,1
1553275378,,,0,,,1
1553275379,,,0,,,1
1553275380,,,0,,,1
1553275381,,,0,,,1
1553275382,,,0,,,1
1553275383,,,0,,,1
1553275384,,,0,,,1
1553275385,,,0,,,1
1553275386,,,0,,,1
1553275387,,,0,,,1
1553275388,,,0,,,1
1553275389,,,0,,,1
1553275390,,,0,,,1
1553275391,,,0,,,1
1553275392,,,0,,,1
1553275393,,,0,,,1
1553275394,,,0,,,1
1553275395,,,0,,,1
1553275396,,,0,,,1
1553275397,,,0,,,1
1553275398,,,0,,,1
1553275399,,,0,,,1
1553275400,,,0,,,1
1553275401,,,0,,,1
1553275402,,,0,,,1
1553275403,,,0,,,1
1553275404,,,0,,,1
1553275405,,,0,,,1
1553275406,,,0,,,1
1553275407,,,0,,,1
1553275408,,,0,,,1
1553275409,,,0,,,1
1553275410,,,0,,,1
1553275411,,,0,,,1
1553275412,,,0,,,1
1553275413,,,0,,,1
1553275414,,,0,,,1
1553275415,,,0,,,1
1553275416,,,0,,,1
1553275417,,,0,,,1
1553275418,,,0,,,1
1553275419,,,0,,,1
1553275420,,,0,,,1
1553275421,,,0,,,1
1553275422,,,0,,,1
1553275423,,,0,,,1
1553275424,,,0,,,1
1553275425,,,0,,,1
1553275426,,,0,,,1
1553275427,,,0,,,1
1553275428,,,0,,,1
1553275429,,,0,,,1
1553275430,,,0,,,1
1553275431,,,0,,,1
1553275432,,,0,,,1
1553275433,,,0,,,1
1553275434,,,0,,,1
1553275435,,,0,,,1
1553275436,,,0,,,1
1553275437,,,0,,,1
1553275438,,,0,,,1
1553275439,,,0,,,1
1553275440,,,0,,,1
1553275441,,,0,,,1
1553275442,,,0,,,1
1553275443,,,0,,,1
1553275444,,,0,,,1
1553275445,,,0,,,1
1553275446,,,0,,,1
1553275447,,,0,,,1
1553275448,,,0,,,1
1553275449,,,0,,,1
1553275450,,,0,,,1
1553275451,,,0,,,1
1553275452,,,0,,,1
1553275453,,,0,,,1
1553275454,,,0,,,1
1553275455,,,0,,,1
1553275456,,,0,,,1
1553275457,,,0,,,1
1553275458,,,0,,,1
1553275459,,,0,,,1
1553275460,,,0,,,1
1553275461,,,0,,,1
1553275462,,,0,,,1
1553275463,,,0,,,1
1553275464,,,0,,,1
1553275465,,,0,,,1
1553275466,,,0,,,1
1553275467,,,0,,,1
1553275468,,,0,,,1
1553275469,,,0,,,1
1553275470,,,0,,,1
1553275471,,,0,,,1
1553275472,,,0,,,1
1553275473,,,0,,,1
1553275474,,,0,,,1
1553275475,,,0,,,1
1553275476,,,0,,,1
1553275477,,,0,,,1
1553275478,,,0,,,1
1553275479,,,0,,,1
1553275480,,,0,,,1
1553275481,,,0,,,1
1553275482,,,0,,,1
1553275483,,,0,,,1
1553275484,,,0,,,1
1553275485,,,0,,,1
1553275486,,,0,,,1
1553275487,,,0,,,1
1553275488,,,0,,,1
1553275489,,,0,,,1
1553275490,,,0,,,1
1553275491,,,0,,,1
1553275492,,,0,,,1
1553275493,,,0,,,1
1553275494,,,0,,,1
1553275495,,,0,,,1
1553275496,,,0,,,1
1553275497,,,0,,,1
1553275498,,,0,,,1
1553275499,,,0,,,1
1553275500,,,0,,,1
1553275501,,,0,,,1
1553275502,,,0,,,1
1553275503,,,0,,,1
1553275504,,,0,,,1
1553275505,,,0,,,1
1553275506,,,0,,,1
1553275507,,,0,,,1
1553275508,,,0,,,1
1553275509,,,0,,,1
1553275510,,,0,,,1
1553275511,,,0,,,1
1553275512,,,0,,,1
1553275513,,,0,,,1
1553275514,,,0,,,1
1553275515,,,0,,,1
1553275516,,,0,,,1
1553275517,,,0,,,1
1553275518,,,0,,,1
1553275519,,,0,,,1
1553275520,,,0,,,1
1553275521,,,0,,,1
1553275522,,,0,,,1
1553275523,,,0,,,1
